+ cargo fmt --all --check
+ cargo clippy --locked --workspace --all-targets -- -D warnings
   Compiling taskfleet v0.5.1 (/private/tmp/taskfleet-r10-candidate/crates/taskfleet)
    Checking orchestratectl v0.5.1 (/private/tmp/taskfleet-r10-candidate/compat/orchestratectl)
    Finished `dev` profile [unoptimized + debuginfo] target(s) in 10.62s
+ cargo nextest run --locked --release --workspace --no-fail-fast
   Compiling taskfleet v0.5.1 (/private/tmp/taskfleet-r10-candidate/crates/taskfleet)
   Compiling orchestratectl v0.5.1 (/private/tmp/taskfleet-r10-candidate/compat/orchestratectl)
    Finished `release` profile [optimized] target(s) in 11m 08s
────────────
 Nextest run ID b7fc0a42-fc12-4c45-964e-49d23c5bd25b with nextest profile: default
    Starting 1115 tests across 34 binaries (1 test skipped)
        PASS [   0.086s] (   1/1115) taskfleet config::show::tests::harness_validation_normalizes_like_execution
        PASS [   0.087s] (   2/1115) taskfleet cli::tests::drain_cell_on_absent_guard_is_noop
        PASS [   0.088s] (   3/1115) taskfleet config::tests::missing_file_is_default
        PASS [   0.089s] (   4/1115) taskfleet cli::tests::json_arg_id_matches_real_cli_tree
        PASS [   0.091s] (   5/1115) taskfleet cli::tests::output_arg_id_matches_real_cli_tree
        PASS [   0.089s] (   6/1115) taskfleet config::tests::malformed_toml_is_hard_error
        PASS [   0.088s] (   7/1115) taskfleet config::show::tests::creatable_kinds_match_wire_names
        PASS [   0.088s] (   8/1115) taskfleet config::show::tests::secret_redaction_scrubs_values_errors_and_warnings
        PASS [   0.089s] (   9/1115) taskfleet config::tests::empty_file_is_default
        PASS [   0.092s] (  10/1115) taskfleet config::show::tests::show_secrets_warning_is_an_envelope_warning
        PASS [   0.094s] (  11/1115) taskfleet cli::tests::command_branding_comes_only_from_explicit_identity
        PASS [   0.095s] (  12/1115) taskfleet config::tests::parses_and_round_trips_strict_profile_argv
        PASS [   0.061s] (  13/1115) taskfleet config::tests::parses_default_and_per_kind
        PASS [   0.058s] (  14/1115) taskfleet doctor::checks::binary::tests::unrecorded_build_commit_is_not_a_false_mismatch
        PASS [   0.059s] (  15/1115) taskfleet config::tests::unknown_per_kind_run_kind_is_rejected
        PASS [   0.061s] (  16/1115) taskfleet config::tests::repository_config_accepts_selection_and_rejects_executable_definitions
        PASS [   0.059s] (  17/1115) taskfleet config::tests::unknown_key_is_rejected
        PASS [   0.059s] (  18/1115) taskfleet doctor::checks::binary::tests::this_checkout_is_recognised
        PASS [   0.060s] (  19/1115) taskfleet config::tests::unknown_top_level_section_is_tolerated
        PASS [   0.059s] (  20/1115) taskfleet doctor::fix::tests::refuses_when_file_disappeared
        PASS [   0.062s] (  21/1115) taskfleet config::tests::rejects_unbounded_unknown_and_contradictory_profile_content
        PASS [   0.060s] (  22/1115) taskfleet doctor::fix::tests::refuses_when_pid_changed_since_check
        PASS [   0.056s] (  23/1115) taskfleet doctor::fix::tests::refuses_when_pid_revived_under_same_value
        PASS [   0.063s] (  24/1115) taskfleet config::tests::valid_per_kind_run_kinds_pass
        PASS [   0.069s] (  25/1115) taskfleet doctor::fix::tests::removes_pid_file_that_is_still_dead
        PASS [   0.330s] (  26/1115) taskfleet cli::tests::lossy_appender_counts_dropped_events_on_overflow
        PASS [   0.330s] (  27/1115) taskfleet cli::tests::drain_cell_blocks_until_buffered_line_is_written
        PASS [   0.045s] (  28/1115) taskfleet harness::profile::tests::autonomous_skips_in_exact_reason_order
        PASS [   0.045s] (  29/1115) taskfleet harness::profile::tests::explicit_interactive_accepts_claude_without_telemetry
        PASS [   0.035s] (  30/1115) taskfleet harness::profile::tests::higher_cli_layer_shadows_lower_config_conflicts
        PASS [   0.023s] (  31/1115) taskfleet harness::profile::tests::legacy_alias_requires_matching_candidate_harness
        PASS [   0.496s] (  32/1115) taskfleet cli::tests::log_guard_drop_drains_buffered_line
        PASS [   0.028s] (  33/1115) taskfleet harness::profile::tests::no_profiles_preserves_legacy_default
        PASS [   0.031s] (  34/1115) taskfleet harness::profile::tests::precedence_is_cli_env_repo_kind_user_kind_repo_default_user_default
        PASS [   0.036s] (  35/1115) taskfleet harness::profile::tests::repository_per_kind_beats_user_defaults_but_only_names_definition
        PASS [   0.048s] (  36/1115) taskfleet harness::profile::tests::same_level_inputs_conflict
        PASS [   0.045s] (  37/1115) taskfleet harness::prompt::tests::every_harness_and_kind_gets_exact_run_context
        PASS [   0.032s] (  38/1115) taskfleet harness::prompt::tests::filing_policy_pins_unlaned_intake_precedence_and_core_provenance
        PASS [   0.021s] (  39/1115) taskfleet harness::prompt::tests::pi_non_research_kinds_get_only_common_context
        PASS [   0.017s] (  40/1115) taskfleet harness::prompt::tests::pi_research_closing_uses_a_quoted_heredoc
        PASS [   0.017s] (  41/1115) taskfleet harness::prompt::tests::pi_research_gets_the_shim_after_common_context
        PASS [   0.015s] (  42/1115) taskfleet harness::prompt::tests::pi_research_templates_the_exact_run_id_and_leaves_no_sentinel
        PASS [   0.015s] (  43/1115) taskfleet harness::prompt::tests::review_metadata_is_named_and_model_agreement_is_a_list_not_score
        PASS [   0.017s] (  44/1115) taskfleet harness::prompt::tests::unknown_harness_still_gets_common_context
        PASS [   0.027s] (  45/1115) taskfleet harness::select::tests::config_default_used_when_no_per_kind
        PASS [   0.028s] (  46/1115) taskfleet harness::select::tests::default_when_nothing_set
        PASS [   0.020s] (  47/1115) taskfleet harness::select::tests::empty_env_is_ignored
        PASS [   0.027s] (  48/1115) taskfleet harness::select::tests::empty_flag_is_a_clear_error
        PASS [   0.031s] (  49/1115) taskfleet harness::select::tests::env_wins_over_config_and_default
        PASS [   0.032s] (  50/1115) taskfleet harness::select::tests::flag_wins_over_everything
        PASS [   0.745s] (  51/1115) orchestratectl::compatibility wrapper_uses_old_help_identity_and_emits_one_stderr_only_deprecation
        PASS [   0.029s] (  52/1115) taskfleet harness::select::tests::invalid_config_value_names_the_layer
        PASS [   0.022s] (  53/1115) taskfleet harness::select::tests::invalid_env_names_the_layer
        PASS [   0.021s] (  54/1115) taskfleet harness::select::tests::invalid_flag_is_rejected
        PASS [   0.768s] (  55/1115) orchestratectl::compatibility hidden_self_exec_suppresses_wrapper_deprecation
        PASS [   0.768s] (  56/1115) orchestratectl::compatibility wrapper_keeps_jsonl_stdout_machine_parseable
        PASS [   0.028s] (  57/1115) taskfleet harness::select::tests::invalid_per_kind_config_value_names_the_layer
        PASS [   0.037s] (  58/1115) taskfleet help::tests::conditional_requires_if_is_excluded
        PASS [   0.037s] (  59/1115) taskfleet help::tests::command_deprecation_can_come_from_long_about
        PASS [   0.042s] (  60/1115) taskfleet help::tests::bare_help_without_output_is_none
        PASS [   0.043s] (  61/1115) taskfleet harness::select::tests::per_kind_beats_config_default
        PASS [   0.040s] (  62/1115) taskfleet help::tests::default_depth_summarizes_immediate_children
        PASS [   0.670s] (  63/1115) taskfleet git::repo::tests::rev_list_count_rejects_empty_endpoint
        PASS [   0.029s] (  64/1115) taskfleet help::tests::deprecation_surfaces_on_a_synthetic_flag
        PASS [   0.031s] (  65/1115) taskfleet help::tests::deprecation_prefix_is_parsed_and_stripped
        PASS [   0.031s] (  66/1115) taskfleet help::tests::deprecation_surfaces_on_a_synthetic_subcommand
        PASS [   0.031s] (  67/1115) taskfleet help::tests::depth_two_expands_one_more_level
        PASS [   0.700s] (  68/1115) taskfleet git::repo::tests::main_worktree_resolves_from_linked
        PASS [   0.030s] (  69/1115) taskfleet help::tests::double_dash_suppresses_detection
        PASS [   0.032s] (  70/1115) taskfleet help::tests::malformed_deprecation_marker_is_not_leaked
        PASS [   0.038s] (  71/1115) taskfleet help::tests::nested_unknown_subcommand_after_flags_is_flagged
        PASS [   0.039s] (  72/1115) taskfleet help::tests::no_help_flag_is_none
        PASS [   0.037s] (  73/1115) taskfleet help::tests::output_can_precede_the_subcommand_path
        PASS [   0.037s] (  74/1115) taskfleet help::tests::output_text_with_help_is_none
        PASS [   0.035s] (  75/1115) taskfleet help::tests::render_resolves_leaf_path_and_output
        PASS [   0.036s] (  76/1115) taskfleet help::tests::parse_help_depth_accepts_positive_int_and_tree_aliases
        PASS [   0.043s] (  77/1115) taskfleet help::tests::required_unless_present_is_recovered_from_a_synthetic_arg
        PASS [   0.751s] (  78/1115) taskfleet git::repo::tests::is_ancestor_false_on_unknown_ref
        PASS [   0.033s] (  79/1115) taskfleet help::tests::requirement_edges_ignore_lookalike_help_text
        PASS [   0.034s] (  80/1115) taskfleet help::tests::requirement_edges_default_empty
        PASS [   0.034s] (  81/1115) taskfleet help::tests::requires_edge_is_recovered_from_a_synthetic_arg
        PASS [   0.035s] (  82/1115) taskfleet help::tests::resolve_help_request_carries_depth_from_flag
        PASS [   0.049s] (  83/1115) taskfleet help::tests::resolve_help_request_recognises_tree
        PASS [   0.048s] (  84/1115) taskfleet help::tests::resolve_help_request_rejects_bad_depth_value
        PASS [   0.049s] (  85/1115) taskfleet help::tests::short_only_flag_is_included_with_id_fallback
        PASS [   0.045s] (  86/1115) taskfleet help::tests::unknown_subcommand_after_flags_is_flagged
        PASS [   0.046s] (  87/1115) taskfleet help::tests::unbounded_arity_max_is_null_not_usize_max
        PASS [   0.801s] (  88/1115) taskfleet git::repo::tests::rev_list_count_none_on_git_error
        PASS [   0.052s] (  89/1115) taskfleet help::tests::tree_depth_recurses_unbounded
        PASS [   0.048s] (  90/1115) taskfleet idempotency::tests::key_hash_is_stable
        PASS [   0.754s] (  91/1115) taskfleet git::repo::tests::worktree_remove_removes_and_is_lenient
        PASS [   0.083s] (  92/1115) taskfleet idempotency::tests::reclaim_compare_and_replaces_only_the_observed_owner
        PASS [   0.069s] (  93/1115) taskfleet idempotency::tests::release_is_ownership_checked
        PASS [   0.129s] (  94/1115) taskfleet idempotency::tests::release_frees_the_key
        PASS [   0.913s] (  95/1115) taskfleet git::repo::tests::worktree_remove_nonforce_refuses_dirty_but_removes_clean
        PASS [   0.920s] (  96/1115) taskfleet git::repo::tests::branch_delete_d_succeeds_on_merged_branch
        PASS [   0.136s] (  97/1115) taskfleet idempotency::tests::reserve_is_atomic_under_concurrency
        PASS [   0.981s] (  98/1115) taskfleet git::repo::tests::head_oid_and_branch_none_on_git_error
        PASS [   0.030s] (  99/1115) taskfleet node::dto::tests::internal_cursor_does_not_leak
        PASS [   1.024s] ( 100/1115) taskfleet git::repo::tests::rev_list_count_counts_commits_ahead
        PASS [   1.047s] ( 101/1115) taskfleet git::repo::tests::head_oid_and_branch_track_the_worktree
        PASS [   0.036s] ( 102/1115) taskfleet node::dto::tests::report_alias_matches_last_report
        PASS [   0.042s] ( 103/1115) taskfleet node::dto::tests::summary_pins_wire_shape
        PASS [   0.030s] ( 104/1115) taskfleet node::report::tests::a_caller_supplied_merge_origin_is_overwritten_to_agent
        PASS [   0.032s] ( 105/1115) taskfleet node::dto::tests::view_pins_wire_shape
        PASS [   0.032s] ( 106/1115) taskfleet node::report::tests::a_caller_supplied_via_marker_is_stripped
        PASS [   0.027s] ( 107/1115) taskfleet node::report::tests::agent_origin_is_stamped_on_a_plain_report
        PASS [   0.928s] ( 108/1115) taskfleet git::repo::tests::worktree_status_clean_tristate_and_uall_defeats_showuntrackedfiles_no
        PASS [   0.030s] ( 109/1115) taskfleet node::report::tests::a_non_merge_via_value_is_preserved
        PASS [   1.118s] ( 110/1115) taskfleet git::repo::tests::is_ancestor_reflects_topology
        PASS [   0.030s] ( 111/1115) taskfleet node::report::tests::domain_error_maps_to_schema_violation
        PASS [   0.025s] ( 112/1115) taskfleet node::report::tests::unknown_kind_hint_survives_mapping
        PASS [   0.027s] ( 113/1115) taskfleet node::report::tests::error_without_hint_maps_with_no_expected
        PASS [   0.034s] ( 114/1115) taskfleet node::report::tests::valid_payload_passes_through
        PASS [   0.028s] ( 115/1115) taskfleet output::tests::dropped_count_visible_in_success_envelope
        PASS [   0.028s] ( 116/1115) taskfleet output::tests::dropped_log_warning_present_only_when_nonzero
        PASS [   0.029s] ( 117/1115) taskfleet output::tests::escape_one_line_maps_each_control_char
        PASS [   0.032s] ( 118/1115) taskfleet output::tests::escape_one_line_clean_input_borrows
        PASS [   0.035s] ( 119/1115) taskfleet output::tests::no_dropped_warning_when_count_is_zero
        PASS [   0.036s] ( 120/1115) taskfleet output::tests::parses_file_paths
        PASS [   0.040s] ( 121/1115) taskfleet output::tests::parses_format_tokens
        PASS [   0.041s] ( 122/1115) taskfleet output::tests::rejects_unknown_token
        PASS [   1.280s] ( 123/1115) taskfleet git::repo::tests::branch_delete_d_refuses_unmerged_but_big_d_forces
        PASS [   0.490s] ( 124/1115) taskfleet multiplexer::tmux::tests::find_window_by_path_none_on_nonzero
        PASS [   0.033s] ( 125/1115) taskfleet proc::tests::missing_binary_is_spawn_err
        PASS [   0.033s] ( 126/1115) taskfleet run::attention::tests::blocked_node_is_not_attention
        PASS [   0.047s] ( 127/1115) taskfleet run::attention::tests::clean_exit_working_node_is_attention
        PASS [   0.186s] ( 128/1115) taskfleet proc::tests::captures_stderr_and_nonzero_status
        PASS [   0.067s] ( 129/1115) taskfleet run::attention::tests::failing_exit_is_not_attention
        PASS [   0.220s] ( 130/1115) taskfleet proc::tests::captures_stdout_and_exit_status
        PASS [   0.242s] ( 131/1115) taskfleet proc::tests::caps_oversized_output_and_flags_truncation
        PASS [   0.062s] ( 132/1115) taskfleet run::attention::tests::no_exit_is_not_attention
        PASS [   0.065s] ( 133/1115) taskfleet run::attention::tests::pending_age_anchors_on_worker_exit_and_clamps
        PASS [   0.057s] ( 134/1115) taskfleet run::attention::tests::resume_hint_mentions_both_actions
        PASS [   0.255s] ( 135/1115) taskfleet proc::tests::kills_group_on_timeout
        PASS [   0.058s] ( 136/1115) taskfleet run::attention::tests::terminal_node_is_not_attention
        PASS [   0.064s] ( 137/1115) taskfleet run::attention::tests::resume_hint_quotes_hostile_ids
        PASS [   0.059s] ( 138/1115) taskfleet run::awaiting_input::tests::grace_boundary_is_strict
        PASS [   0.051s] ( 139/1115) taskfleet run::awaiting_input::tests::view_preserves_discussion_and_clamps_clock_skew
        PASS [   0.050s] ( 140/1115) taskfleet run::create::tests::dead_creator_reservation_is_reclaimable_without_waiting
        PASS [   0.045s] ( 141/1115) taskfleet run::create::tests::derive_branch_basic
        PASS [   0.050s] ( 142/1115) taskfleet run::create::tests::derive_branch_caps_the_flat_workmux_window_name_at_exact_boundary
        PASS [   0.049s] ( 143/1115) taskfleet run::create::tests::derive_branch_empty_title_uses_kind
        PASS [   0.050s] ( 144/1115) taskfleet run::create::tests::derive_branch_drops_a_separator_at_the_truncation_boundary
        PASS [   0.048s] ( 145/1115) taskfleet run::create::tests::derive_branch_normalizes_unicode_whitespace_and_quotes_before_bounding
        PASS [   0.048s] ( 146/1115) taskfleet run::create::tests::derive_branch_uses_entropy_for_same_millisecond_and_retained_slug
        PASS [   0.051s] ( 147/1115) taskfleet run::create::tests::derive_branch_uses_the_ulid_randomness_suffix_not_a_resolvable_prefix
        PASS [   0.044s] ( 148/1115) taskfleet run::create::tests::empty_task_rejected
        PASS [   0.049s] ( 149/1115) taskfleet run::create::tests::empty_tmux_session_rejected
        PASS [   0.140s] ( 150/1115) taskfleet run::create::tests::child_edge_repair_recognizes_legacy_unkeyed_event
        PASS [   0.052s] ( 151/1115) taskfleet run::create::tests::explicit_tmux_session_wins_and_implies_headless
        PASS [   0.056s] ( 152/1115) taskfleet run::create::tests::headless_yields_default_session
        PASS [   0.817s] ( 153/1115) taskfleet multiplexer::tmux::tests::find_window_by_path_requires_exact_cwd_match
        PASS [   0.067s] ( 154/1115) taskfleet run::create::tests::missing_task_and_prompt_file_errors
        PASS [   0.072s] ( 155/1115) taskfleet run::create::tests::live_creator_reservation_is_never_reclaimed
        PASS [   0.065s] ( 156/1115) taskfleet run::create::tests::parent_session_defaults_to_none
        PASS [   0.073s] ( 157/1115) taskfleet run::create::tests::published_reservation_replays_even_when_creator_is_dead
        PASS [   0.061s] ( 158/1115) taskfleet run::create::tests::resolve_prompt_file_task_with_preamble_prepends
        PASS [   0.055s] ( 159/1115) taskfleet run::create::tests::resolve_prompt_file_with_preamble_never_mutates_caller_file
        PASS [   0.051s] ( 160/1115) taskfleet run::create::tests::stale_live_pid_without_start_identity_fails_closed
        PASS [   0.037s] ( 161/1115) taskfleet run::create::tests::task_and_prompt_file_conflict
        PASS [   0.041s] ( 162/1115) taskfleet run::create::tests::tmux_session_with_separator_rejected
        PASS [   0.046s] ( 163/1115) taskfleet run::create::tests::tmux_session_trimmed
        PASS [   0.044s] ( 164/1115) taskfleet run::dto::tests::alive_boolean_tracks_state
        PASS [   0.044s] ( 165/1115) taskfleet run::dto::tests::applied_seq_does_not_leak
        PASS [   0.047s] ( 166/1115) taskfleet run::dto::tests::attention_suppresses_stall_on_summary
        PASS [   0.046s] ( 167/1115) taskfleet run::dto::tests::attention_view_flattens_onto_summary
        PASS [   0.050s] ( 168/1115) taskfleet run::dto::tests::awaiting_input_is_additive_to_stall_but_suppressed_when_terminal
        PASS [   0.042s] ( 169/1115) taskfleet run::dto::tests::presumed_working_suppresses_indeterminate_states
        PASS [   0.041s] ( 170/1115) taskfleet run::dto::tests::summary_pins_wire_shape
        PASS [   0.043s] ( 171/1115) taskfleet run::dto::tests::supervisor_probe_resolves_distinct_states
        PASS [   0.038s] ( 172/1115) taskfleet run::dto::tests::supervisor_probe_symlink_is_unreadable
        PASS [   0.037s] ( 173/1115) taskfleet run::dto::tests::supervisor_state_wire_spellings
        PASS [   0.039s] ( 174/1115) taskfleet run::dto::tests::view_pins_wire_shape
        PASS [   0.036s] ( 175/1115) taskfleet run::false_failed::tests::failed_git_verified_landed_without_merge_is_suspected
        PASS [   0.039s] ( 176/1115) taskfleet run::false_failed::tests::confirmed_merge_report_is_not_suspected
        PASS [   0.037s] ( 177/1115) taskfleet run::false_failed::tests::missing_base_sha_is_not_suspected
        PASS [   0.035s] ( 178/1115) taskfleet run::false_failed::tests::report_marker_landing_is_not_suspected
        PASS [   0.038s] ( 179/1115) taskfleet run::false_failed::tests::only_failed_status_is_suspected
        PASS [   0.037s] ( 180/1115) taskfleet run::false_failed::tests::resume_hint_names_salvage_and_cancel
        PASS [   0.038s] ( 181/1115) taskfleet run::false_failed::tests::resume_hint_quotes_hostile_ids
        PASS [   0.035s] ( 182/1115) taskfleet run::false_failed::tests::view_build_carries_reason_and_hint
        PASS [   0.038s] ( 183/1115) taskfleet run::false_failed::tests::unlanded_or_unverified_is_not_suspected
        PASS [   0.033s] ( 184/1115) taskfleet run::landed::tests::falls_back_to_report_marker_when_branch_gone
        PASS [   0.023s] ( 185/1115) taskfleet run::landed::tests::landed_fallback_gated_on_typed_origin
        PASS [   0.027s] ( 186/1115) taskfleet run::landed::tests::report_marker_prefers_typed_origin
        PASS [   0.691s] ( 187/1115) taskfleet proc::tests::escaped_background_child_does_not_hang_on_deadline
        PASS [   1.082s] ( 188/1115) taskfleet multiplexer::tmux::tests::kill_window_reports_false_on_missing
        PASS [   0.032s] ( 189/1115) taskfleet run::landed::tests::report_marker_requires_success_true
        PASS [   0.028s] ( 190/1115) taskfleet run::landed::tests::safe_arg_rejects_option_injection
        PASS [   0.032s] ( 191/1115) taskfleet run::landed::tests::unverified_when_nothing_confirms
        PASS [   1.379s] ( 192/1115) taskfleet multiplexer::tmux::tests::kill_window_threads_socket_before_verb
        PASS [   1.679s] ( 193/1115) taskfleet multiplexer::tmux::tests::find_window_by_path_scopes_to_all_when_no_session
        PASS [   0.771s] ( 194/1115) taskfleet run::landed::tests::ancestry_net_confirms_fast_forward_landing_without_base_or_marker
        PASS [   0.748s] ( 195/1115) taskfleet run::landed::tests::git_verified_not_landed_for_unmerged_branch
        PASS [   0.773s] ( 196/1115) taskfleet run::landed::tests::ancestry_net_declines_never_advanced_branch
        PASS [   0.044s] ( 197/1115) taskfleet run::salvage::tests::dead_pid_is_gone
        PASS [   0.034s] ( 198/1115) taskfleet run::salvage::tests::fence_worker_does_not_signal_a_recycled_pid
        PASS [   0.864s] ( 199/1115) taskfleet run::merge_recovery::tests::leaves_transaction_when_driver_alive
        PASS [   0.047s] ( 200/1115) taskfleet run::salvage::tests::live_matching_identity_overrides_a_stale_told_exit
        PASS [   1.073s] ( 201/1115) taskfleet run::landed::tests::git_negative_overrides_stale_marker_on_post_merge_work
        PASS [   0.974s] ( 202/1115) taskfleet run::merge_recovery::tests::cannot_verify_leaves_transaction_pending
        PASS [   0.049s] ( 203/1115) taskfleet run::salvage::tests::live_pid_identity_gates_fenceability
        PASS [   0.033s] ( 204/1115) taskfleet run::salvage::tests::no_pid_is_no_pid
        PASS [   0.265s] ( 205/1115) taskfleet run::salvage::tests::fence_worker_terminates_a_live_process
        PASS [   0.048s] ( 206/1115) taskfleet run::salvage::tests::told_exit_wins_when_live_pid_identity_unprovable
        PASS [   0.032s] ( 207/1115) taskfleet run::stalled::tests::alive_supervisor_is_never_orphaned
        PASS [   0.042s] ( 208/1115) taskfleet run::spawn::tests::handshake_rejects_wrong_attempt_and_forged_token
        PASS [   0.063s] ( 209/1115) taskfleet run::spawn::tests::handshake_rejects_pid_start_identity_mismatch_and_timeout
        PASS [   0.033s] ( 210/1115) taskfleet run::stalled::tests::alive_supervisor_is_not_stillborn
        PASS [   0.031s] ( 211/1115) taskfleet run::stalled::tests::exactly_at_orphan_grace_boundary_is_not_orphaned
        PASS [   0.032s] ( 212/1115) taskfleet run::stalled::tests::forward_progress_is_not_stillborn
        PASS [   0.037s] ( 213/1115) taskfleet run::stalled::tests::non_pending_run_is_not_stillborn
        PASS [   0.035s] ( 214/1115) taskfleet run::stalled::tests::nonzero_node_count_is_not_stillborn
        PASS [   0.036s] ( 215/1115) taskfleet run::stalled::tests::pending_dead_supervisor_past_grace_is_orphaned
        PASS [   0.036s] ( 216/1115) taskfleet run::stalled::tests::recently_active_dead_supervisor_is_not_orphaned
        PASS [   0.037s] ( 217/1115) taskfleet run::stalled::tests::running_dead_supervisor_past_grace_is_orphaned
        PASS [   0.031s] ( 218/1115) taskfleet run::stalled::tests::stall_kind_classifies_orphaned
        PASS [   0.033s] ( 219/1115) taskfleet run::stalled::tests::stall_kind_classifies_stillborn
        PASS [   0.034s] ( 220/1115) taskfleet run::stalled::tests::stall_kind_healthy_is_none
        PASS [   0.030s] ( 221/1115) taskfleet run::stalled::tests::stillborn_signature_is_detected
        PASS [   0.033s] ( 222/1115) taskfleet run::stalled::tests::terminal_or_blocked_run_is_not_orphaned
        PASS [   0.027s] ( 223/1115) taskfleet run::stalled::tests::zero_nodes_is_not_orphaned
        PASS [   0.029s] ( 224/1115) taskfleet run::supervisor_readiness::tests::from_env_absent_is_noop
        PASS [   0.032s] ( 225/1115) taskfleet run::supervisor_readiness::tests::from_env_rejects_non_pipe_fd
        PASS [   0.028s] ( 226/1115) taskfleet run::supervisor_readiness::tests::from_env_rejects_stdio_fd
        PASS [   0.029s] ( 227/1115) taskfleet run::supervisor_readiness::tests::parse_empty_is_died
        PASS [   0.026s] ( 228/1115) taskfleet run::supervisor_readiness::tests::parse_error_line
        PASS [   0.025s] ( 229/1115) taskfleet run::supervisor_readiness::tests::parse_error_without_message
        PASS [   0.023s] ( 230/1115) taskfleet run::supervisor_readiness::tests::parse_garbage_is_malformed
        PASS [   0.024s] ( 231/1115) taskfleet run::supervisor_readiness::tests::parse_partial_ready_tag_only_is_malformed
        PASS [   0.024s] ( 232/1115) taskfleet run::supervisor_readiness::tests::parse_ready_line
        PASS [   0.022s] ( 233/1115) taskfleet run::supervisor_readiness::tests::parse_ready_trailing_garbage_is_malformed
        PASS [   0.022s] ( 234/1115) taskfleet run::supervisor_readiness::tests::parse_ready_overflow_pid_is_malformed
        PASS [   0.025s] ( 235/1115) taskfleet run::supervisor_readiness::tests::parse_ready_without_trailing_newline_is_malformed
        PASS [   0.019s] ( 236/1115) taskfleet run::supervisor_readiness::tests::parse_ready_zero_pid_is_malformed
        PASS [   0.018s] ( 237/1115) taskfleet run::supervisor_readiness::tests::pipe_roundtrip_died_on_drop
        PASS [   0.018s] ( 238/1115) taskfleet run::supervisor_readiness::tests::pipe_roundtrip_error
        PASS [   0.022s] ( 239/1115) taskfleet run::supervisor_readiness::tests::pipe_roundtrip_ready
        PASS [   0.022s] ( 240/1115) taskfleet run::supervisor_readiness::tests::reporter_closes_after_ready
        PASS [   0.024s] ( 241/1115) taskfleet run::telemetry::tests::counts_are_bounded_by_sample_state
        PASS [   0.026s] ( 242/1115) taskfleet run::telemetry::tests::every_text_state_is_observational_and_duration_boundaries_are_stable
        PASS [   0.029s] ( 243/1115) taskfleet run::telemetry::tests::telemetry_row_pins_bounded_wire_shape
        PASS [   0.044s] ( 244/1115) taskfleet run::tests::cli_verb_entry_resolves_unambiguous_prefix
        PASS [   0.035s] ( 245/1115) taskfleet run::tests::run_paths_exact_only_accepts_a_full_typed_id
        PASS [   0.025s] ( 246/1115) taskfleet run::tests::run_selector_classifies_exact_vs_prefix
        PASS [   0.043s] ( 247/1115) taskfleet run::wait::tests::any_settled_error_only_counts_terminal_failures
        PASS [   0.056s] ( 248/1115) taskfleet run::tests::truncated_id_resolves_on_cli_path_but_is_rejected_on_internal_path
        PASS [   0.051s] ( 249/1115) taskfleet run::wait::tests::parse_duration_accepts_human_units
        PASS [   0.051s] ( 250/1115) taskfleet run::wait::tests::parse_duration_bare_integer_is_seconds
        PASS [   0.184s] ( 251/1115) taskfleet run::supervisor_readiness::tests::pipe_roundtrip_timeout_on_wedge
        PASS [   0.055s] ( 252/1115) taskfleet run::wait::tests::parse_duration_rejects_garbage
        PASS [   0.058s] ( 253/1115) taskfleet run::wait::tests::parse_duration_bare_integer_overflow_is_a_clear_error
        PASS [   0.042s] ( 254/1115) taskfleet run::wait::tests::recoverable_summary_phrasing
        PASS [   0.034s] ( 255/1115) taskfleet self_exec::tests::command_uses_exact_current_executable_not_path
        PASS [   0.029s] ( 256/1115) taskfleet skill::tests::bundled_descriptions_fit_pi_char_limit
        PASS [   0.031s] ( 257/1115) taskfleet skill::tests::all_companion_sources_dedupes_by_filename
        PASS [   0.035s] ( 258/1115) taskfleet skill::tests::bundled_worker_closing_recipes_never_use_short_prefix_discovery
        PASS [   0.034s] ( 259/1115) taskfleet skill::tests::codex_prompt_embeds_resource_content_and_rewrites_links
        PASS [   0.039s] ( 260/1115) taskfleet skill::tests::codex_marker_records_prompts_and_companions_read_back
        PASS [   0.038s] ( 261/1115) taskfleet skill::tests::compare_versions_handles_semver_ordering
        PASS [   0.037s] ( 262/1115) taskfleet skill::tests::every_claude_link_target_appears_in_some_skill_body
        PASS [   0.035s] ( 263/1115) taskfleet skill::tests::every_companion_resource_is_rendered_and_version_pinned
        PASS [   0.037s] ( 264/1115) taskfleet skill::tests::every_embedded_skill_has_a_description_and_matching_name
        PASS [   0.045s] ( 265/1115) taskfleet skill::tests::is_simple_skill_name_rejects_traversal_and_absolute
        PASS [   0.036s] ( 266/1115) taskfleet skill::tests::load_pi_provenance_for_write_fails_closed_on_corruption
        PASS [   0.988s] ( 267/1115) taskfleet run::merge_recovery::tests::rejects_merge_started_with_no_git_mutation
        PASS [   0.040s] ( 268/1115) taskfleet skill::tests::orphan_companions_flags_dropped_but_not_bundled
        PASS [   0.042s] ( 269/1115) taskfleet skill::tests::orphan_companions_ignores_recorded_but_absent_file
        PASS [   0.035s] ( 270/1115) taskfleet skill::tests::orphan_companions_ignores_unrecorded_user_file
        PASS [   0.033s] ( 271/1115) taskfleet skill::tests::parse_description_returns_none_when_field_absent
        PASS [   0.038s] ( 272/1115) taskfleet skill::tests::parse_description_extracts_value
        PASS [   0.033s] ( 273/1115) taskfleet skill::tests::parse_description_handles_crlf
        PASS [   0.041s] ( 274/1115) taskfleet skill::tests::parse_description_returns_none_without_frontmatter
        PASS [   0.043s] ( 275/1115) taskfleet skill::tests::parse_description_strips_quotes
        PASS [   2.730s] ( 276/1115) taskfleet multiplexer::tmux::tests::kill_session_no_socket
        PASS [   0.063s] ( 277/1115) taskfleet skill::tests::pi_provenance_v1_record_reads_and_upgrades_to_v3
        PASS [   0.048s] ( 278/1115) taskfleet skill::tests::pi_provenance_v3_record_round_trips_untouched
        PASS [   0.053s] ( 279/1115) taskfleet skill::tests::pi_provenance_v2_record_upgrades_companions_to_files
        PASS [   0.064s] ( 280/1115) taskfleet skill::tests::pi_provenance_round_trips
        PASS [   0.069s] ( 281/1115) taskfleet skill::tests::pi_managed_skills_body_hash_is_none_for_companion_only_record
        PASS [   0.043s] ( 282/1115) taskfleet skill::tests::pi_upgrade_drops_empty_legacy_hashes_and_skill_md_companion
        PASS [   0.039s] ( 283/1115) taskfleet skill::tests::prune_pi_mirror_diverged_body_still_prunes_unmodified_companion
        PASS [   0.041s] ( 284/1115) taskfleet skill::tests::prune_pi_mirror_refuses_diverged_copy
        PASS [   0.047s] ( 285/1115) taskfleet skill::tests::prune_codex_file_outcomes
        PASS [   0.052s] ( 286/1115) taskfleet skill::tests::prune_pi_mirror_cleans_companions_when_skill_md_absent
        PASS [   0.051s] ( 287/1115) taskfleet skill::tests::prune_pi_mirror_preserves_dir_with_user_sibling
        PASS [   0.056s] ( 288/1115) taskfleet skill::tests::prune_pi_mirror_drops_absent_symlink_and_dir
        PASS [   0.036s] ( 289/1115) taskfleet skill::tests::prune_pi_mirror_removes_all_matching_companions_and_empty_dir
        PASS [   0.032s] ( 290/1115) taskfleet skill::tests::prune_pi_mirror_removes_our_unmodified_copy_and_empty_dir
        PASS [   0.041s] ( 291/1115) taskfleet skill::tests::prune_pi_mirror_removes_recorded_companions_then_empty_dir
        PASS [   1.742s] ( 292/1115) taskfleet run::merge_recovery::tests::completion_uses_recorded_worker_oid_not_mutable_branch
        PASS [   0.038s] ( 293/1115) taskfleet skill::tests::read_pi_provenance_tolerates_missing_and_garbage
        PASS [   1.464s] ( 294/1115) taskfleet run::merge_recovery::tests::recovers_git_mutated_event_not_appended_by_completing
        PASS [   0.038s] ( 295/1115) taskfleet skill::tests::reconcile_pi_companions_force_removes_dropped_companion
        PASS [   0.036s] ( 296/1115) taskfleet skill::tests::reconcile_pi_companions_non_force_keeps_orphan_tracked
        PASS [   0.035s] ( 297/1115) taskfleet skill::tests::render_body_for_codex_without_companion_links_is_noop
        PASS [   0.037s] ( 298/1115) taskfleet skill::tests::render_body_for_claude_is_byte_identical_and_borrowed
        PASS [   0.034s] ( 299/1115) taskfleet skill::tests::sha256_hex_is_deterministic_and_lowercase
        PASS [   0.038s] ( 300/1115) taskfleet skill::tests::worktree_and_handoff_skills_pin_unlaned_review_filing_boundary
        PASS [   0.039s] ( 301/1115) taskfleet skill::tests::stint_skills_pin_issuectl_dag_cutover
        PASS [   0.037s] ( 302/1115) taskfleet skill::tests::write_marker_records_companions_read_back
        PASS [   0.043s] ( 303/1115) taskfleet state::tests::different_devices_are_a_typed_refusal
        PASS [   0.045s] ( 304/1115) taskfleet skill::tests::write_pi_provenance_replaces_squatting_symlink
        PASS [   0.040s] ( 305/1115) taskfleet supervise::capture::tests::capture_target_prefers_pane_id
        PASS [   1.929s] ( 306/1115) taskfleet run::landed::tests::git_positive_beats_absent_marker_and_marker_beats_git_none
        PASS [   0.055s] ( 307/1115) taskfleet state::tests::no_replace_rename_never_replaces_an_existing_directory
        PASS [   0.034s] ( 308/1115) taskfleet supervise::capture::tests::command_falls_back_to_window_id_when_pane_id_absent
        PASS [   0.024s] ( 309/1115) taskfleet supervise::capture::tests::command_includes_socket_window_and_append_target
        PASS [   0.024s] ( 310/1115) taskfleet supervise::capture::tests::command_omits_socket_flag_when_absent
        PASS [   0.019s] ( 311/1115) taskfleet supervise::capture::tests::command_targets_recorded_pane_id_over_window_id
        PASS [   0.016s] ( 312/1115) taskfleet supervise::capture::tests::shell_quote_escapes_embedded_single_quote
        PASS [   0.023s] ( 313/1115) taskfleet supervise::capture::tests::run_pipe_pane_reports_spawn_failure_leniently
        PASS [   3.120s] ( 314/1115) taskfleet multiplexer::tmux::tests::list_session_windows_none_when_session_gone
        PASS [   0.403s] ( 315/1115) taskfleet supervise::capture::tests::capture_tick_leaves_node_without_identity_for_retry
        PASS [   2.310s] ( 316/1115) taskfleet run::landed::tests::git_verified_landed_survives_caller_rebase
        PASS [   0.480s] ( 317/1115) taskfleet supervise::capture::tests::capture_tick_skips_terminal_node
        PASS [   3.364s] ( 318/1115) taskfleet multiplexer::tmux::tests::list_session_windows_parses_attached_and_names
        PASS [   1.835s] ( 319/1115) taskfleet run::merge_recovery::tests::rejects_when_source_moved_without_worker_content
        PASS [   0.728s] ( 320/1115) taskfleet supervise::cleanup::tests::blocked_classification
        PASS [   3.583s] ( 321/1115) taskfleet multiplexer::tmux::tests::new_session_empty_pane_id_is_a_protocol_error
        PASS [   2.097s] ( 322/1115) taskfleet run::merge_recovery::tests::rejects_when_worker_content_already_in_expected_source
        PASS [   3.884s] ( 323/1115) taskfleet multiplexer::tmux::tests::new_session_headless_returns_pane_id_and_disables_rename
        PASS [   4.244s] ( 324/1115) taskfleet multiplexer::tmux::tests::new_session_surfaces_nonzero
        PASS [   1.563s] ( 325/1115) taskfleet supervise::cleanup::tests::agent_log_survives_teardown
        PASS [   1.150s] ( 326/1115) taskfleet supervise::cleanup::tests::detached_head_preserved_when_source_unrecorded
        PASS [   1.316s] ( 327/1115) taskfleet supervise::cleanup::tests::blocked_report_preserves_branch_and_worktree
        PASS [   1.465s] ( 328/1115) taskfleet supervise::cleanup::tests::blocked_preserve_event_is_idempotent
        PASS [   4.558s] ( 329/1115) taskfleet multiplexer::tmux::tests::new_session_without_window_name_skips_rename_off
        PASS [   0.186s] ( 330/1115) taskfleet supervise::cleanup::tests::foreground_run_never_touches_tmux
        PASS [   0.333s] ( 331/1115) taskfleet supervise::cleanup::tests::explicit_merge_marker_detected
        PASS [   1.292s] ( 332/1115) taskfleet supervise::cleanup::tests::detached_head_reachable_from_source_removed_cleanly
        PASS [   1.208s] ( 333/1115) taskfleet supervise::cleanup::tests::dirty_worktree_preserved_on_cancel_without_source
        PASS [   1.560s] ( 334/1115) taskfleet supervise::cleanup::tests::conflicting_unmerged_work_is_flagged_not_recoverable
        PASS [   0.440s] ( 335/1115) taskfleet supervise::cleanup::tests::explicit_merge_marker_present
        PASS [   1.075s] ( 336/1115) taskfleet supervise::cleanup::tests::empty_handed_death_produces_no_signal
        PASS [   1.254s] ( 337/1115) taskfleet supervise::cleanup::tests::dirty_worktree_preserved_on_plain_success
        PASS [   1.692s] ( 338/1115) taskfleet supervise::cleanup::tests::detached_head_with_unique_commits_preserved_on_plain_success
        PASS [   2.442s] ( 339/1115) taskfleet supervise::cleanup::tests::already_gone_session_is_noop
        PASS [   1.363s] ( 340/1115) taskfleet supervise::cleanup::tests::empty_source_branch_preserves_detached_unique_commits
        PASS [   2.948s] ( 341/1115) taskfleet supervise::capture::tests::capture_tick_arms_node_once_and_targets_agent_log
        PASS [   1.245s] ( 342/1115) taskfleet supervise::cleanup::tests::explicit_merge_report_still_deletes_branch
        PASS [   0.769s] ( 343/1115) taskfleet supervise::cleanup::tests::missing_source_branch_declines_signal
        PASS [   0.181s] ( 344/1115) taskfleet supervise::cleanup::tests::missing_worktree_records_event_and_continues
        PASS [   0.018s] ( 345/1115) taskfleet supervise::cleanup::tests::recoverability_to_report_value_shape
        PASS [   3.124s] ( 346/1115) taskfleet supervise::capture::tests::capture_tick_targets_recorded_pane_id_end_to_end
        PASS [   0.196s] ( 347/1115) taskfleet supervise::cleanup::tests::other_via_value_does_not_trigger_cleanup
        PASS [   0.999s] ( 348/1115) taskfleet supervise::cleanup::tests::merged_branch_torn_down_when_source_known
        PASS [   1.507s] ( 349/1115) taskfleet supervise::cleanup::tests::head_on_non_recorded_branch_with_unique_commit_preserved
        PASS [   0.354s] ( 350/1115) taskfleet supervise::cleanup::tests::rollup_cancelled_when_done_and_cancelled_mix_without_failure
        PASS [   0.345s] ( 351/1115) taskfleet supervise::cleanup::tests::rollup_does_not_terminalize_over_a_node_hidden_by_a_missing_projection
        PASS [   0.359s] ( 352/1115) taskfleet supervise::cleanup::tests::rollup_cancelled_when_every_node_is_cancelled
        PASS [   3.470s] ( 353/1115) taskfleet supervise::cleanup::tests::branch_unmerged_vs_source_classifies
        PASS [   0.466s] ( 354/1115) taskfleet supervise::cleanup::tests::rollup_done_when_all_nodes_succeed
        PASS [   0.472s] ( 355/1115) taskfleet supervise::cleanup::tests::rollup_failed_dominates_a_cancelled_node
        PASS [   0.441s] ( 356/1115) taskfleet supervise::cleanup::tests::rollup_failed_when_any_node_fails
        PASS [   0.520s] ( 357/1115) taskfleet supervise::cleanup::tests::rollup_fails_closed_on_a_corrupt_event_log
        PASS [   2.130s] ( 358/1115) taskfleet supervise::cleanup::tests::head_teardown_safety_classifies
        PASS [   0.137s] ( 359/1115) taskfleet supervise::cleanup::tests::rollup_none_with_no_nodes
        PASS [   2.216s] ( 360/1115) taskfleet supervise::cleanup::tests::managed_session_killed_when_only_default_window_remains
        PASS [   0.360s] ( 361/1115) taskfleet supervise::cleanup::tests::rollup_none_when_children_pending
        PASS [   0.420s] ( 362/1115) taskfleet supervise::cleanup::tests::rollup_none_when_already_terminal
        PASS [   1.365s] ( 363/1115) taskfleet supervise::cleanup::tests::nonresolvable_recorded_branch_fails_closed_and_preserves
        PASS [   0.370s] ( 364/1115) taskfleet supervise::cleanup::tests::rollup_none_while_a_node_is_live
        PASS [   0.045s] ( 365/1115) taskfleet supervise::cleanup::tests::synthetic_default_window_classification
        PASS [   2.419s] ( 366/1115) taskfleet supervise::cleanup::tests::managed_session_retained_when_agent_window_remains
        PASS [   2.677s] ( 367/1115) taskfleet supervise::cleanup::tests::managed_session_retained_when_attached
        PASS [   0.242s] ( 368/1115) taskfleet supervise::cleanup::tests::worktree_unverifiable_records_distinct_reason
        PASS [   2.919s] ( 369/1115) taskfleet supervise::cleanup::tests::managed_session_socket_threaded_into_tmux
        PASS [   5.029s] ( 370/1115) taskfleet supervise::capture::tests::capture_tick_retries_then_gives_up_on_persistent_failure
        PASS [   0.045s] ( 371/1115) taskfleet supervise::notify::tests::env_safe_strips_nul_and_bounds_length
        PASS [   3.600s] ( 372/1115) taskfleet supervise::cleanup::tests::git_error_in_source_check_preserves_worktree
        PASS [   1.267s] ( 373/1115) taskfleet supervise::cleanup::tests::stranded_unmerged_work_is_recoverable
        PASS [   0.381s] ( 374/1115) taskfleet supervise::notify::tests::fires_hook_with_completion_env
        PASS [   3.124s] ( 375/1115) taskfleet supervise::cleanup::tests::missing_window_event_is_idempotent
        PASS [   0.584s] ( 376/1115) taskfleet supervise::notify::tests::awaiting_input_hook_fires_after_grace_and_dedups_generation
        PASS [   3.392s] ( 377/1115) taskfleet supervise::cleanup::tests::missing_window_records_event_and_does_not_fail
        PASS [   0.533s] ( 378/1115) taskfleet supervise::notify::tests::no_notify_cmd_is_a_noop
        PASS [   1.960s] ( 379/1115) taskfleet supervise::cleanup::tests::sibling_worktree_on_foreign_branch_with_unique_commit_preserved
        PASS [   1.965s] ( 380/1115) taskfleet supervise::cleanup::tests::stale_branch_metadata_detached_unique_commits_preserved
        PASS [   0.623s] ( 381/1115) taskfleet supervise::notify::tests::non_terminal_status_never_fires_or_marks
        PASS [   0.029s] ( 382/1115) taskfleet supervise::outcome::tests::agent_origin_cannot_forge_a_merge_via_string
        PASS [   0.030s] ( 383/1115) taskfleet supervise::outcome::tests::cancel_beats_spoofed_merge_marker
        PASS [   0.025s] ( 384/1115) taskfleet supervise::outcome::tests::legacy_reports_without_origin_classify_via_strings
        PASS [   0.024s] ( 385/1115) taskfleet supervise::outcome::tests::live_verdict_table
        PASS [   1.778s] ( 386/1115) taskfleet supervise::cleanup::tests::unmerged_branch_preserves_both_when_source_known
        PASS [   0.026s] ( 387/1115) taskfleet supervise::outcome::tests::malformed_origin_does_not_downgrade_to_legacy_via_or_reason
        PASS [   0.510s] ( 388/1115) taskfleet supervise::notify::tests::read_summary_returns_report_summary
        PASS [   0.024s] ( 389/1115) taskfleet supervise::outcome::tests::only_explicit_merge_force_deletes
        PASS [   0.026s] ( 390/1115) taskfleet supervise::outcome::tests::no_report_is_not_terminal
        PASS [   0.033s] ( 391/1115) taskfleet supervise::outcome::tests::raw_selfmerge_death_backstop_preserves_work
        PASS [   0.030s] ( 392/1115) taskfleet supervise::outcome::tests::typed_origin_classifies_without_string_sniffing
        PASS [   0.033s] ( 393/1115) taskfleet supervise::outcome::tests::terminal_outcome_teardown_table
        PASS [   3.224s] ( 394/1115) taskfleet supervise::cleanup::tests::nonforce_removal_refusal_preserves_and_skips_branch_delete
        PASS [   0.032s] ( 395/1115) taskfleet supervise::pid_file::tests::own_pid_is_alive
        PASS [   0.033s] ( 396/1115) taskfleet supervise::pid_file::tests::pid_zero_is_dead
        PASS [   1.958s] ( 397/1115) taskfleet supervise::cleanup::tests::stranded_work_recoverable_when_source_advanced_but_no_conflict
        PASS [   0.065s] ( 398/1115) taskfleet supervise::pid_file::tests::missing_file_reads_none
        PASS [   0.615s] ( 399/1115) taskfleet supervise::notify::tests::records_marker_after_firing
        PASS [   0.106s] ( 400/1115) taskfleet supervise::pid_file::tests::claim_migrates_legacy_plain_integer_pid_file
        PASS [   0.105s] ( 401/1115) taskfleet supervise::pid_file::tests::concurrent_claim_exactly_one_wins
        PASS [   0.076s] ( 402/1115) taskfleet supervise::pid_file::tests::out_of_range_pid_is_dead_and_unreadable
        PASS [   1.921s] ( 403/1115) taskfleet supervise::cleanup::tests::unmerged_branch_not_force_deleted_without_explicit_merge
        PASS [   0.067s] ( 404/1115) taskfleet supervise::pid_file::tests::read_pid_does_not_follow_a_symlink
        PASS [   0.060s] ( 405/1115) taskfleet supervise::pid_file::tests::remove_if_owner_matches
        PASS [   0.059s] ( 406/1115) taskfleet supervise::pid_file::tests::round_trip_write_read
        PASS [   0.076s] ( 407/1115) taskfleet supervise::pid_file::tests::write_pid_rejects_a_symlinked_pid_file
        PASS [   0.068s] ( 408/1115) taskfleet supervise::state::tests::loads_legacy_state_without_captured_armed_field
        PASS [   0.067s] ( 409/1115) taskfleet supervise::state::tests::missing_state_returns_default
        PASS [   0.075s] ( 410/1115) taskfleet supervise::tail::tests::ignores_partial_trailing_line
        PASS [   0.069s] ( 411/1115) taskfleet supervise::tail::tests::missing_file_yields_empty
        PASS [   0.097s] ( 412/1115) taskfleet supervise::state::tests::round_trip_preserves_cursors
        PASS [   0.073s] ( 413/1115) taskfleet supervise::tail::tests::skips_already_consumed_seqs
        PASS [   0.091s] ( 414/1115) taskfleet supervise::tail::tests::parks_at_corrupt_line_then_skips_without_looping
        PASS [   0.087s] ( 415/1115) taskfleet supervise::tail::tests::reads_new_events_only
        PASS [   0.906s] ( 416/1115) taskfleet supervise::notify::tests::preexisting_marker_suppresses_refire
        PASS [   0.088s] ( 417/1115) taskfleet supervise::tests::agent_retry_backoff_is_bounded_and_monotone
        PASS [   0.097s] ( 418/1115) taskfleet supervise::tests::child_spawn_action_state_machine
        PASS [   0.099s] ( 419/1115) taskfleet supervise::tests::child_retry_backoff_is_bounded
        PASS [   0.499s] ( 420/1115) taskfleet supervise::notify::tests::returns_true_on_idempotent_replay
        PASS [   3.427s] ( 421/1115) taskfleet supervise::cleanup::tests::renamed_window_recovered_by_worktree_path
        PASS [   0.123s] ( 422/1115) taskfleet supervise::tests::maybe_warn_dropped_rate_limits_on_increase
        PASS [   0.189s] ( 423/1115) taskfleet supervise::tests::reconcile_marks_final_failure_on_budget_exhaustion
        PASS [   0.243s] ( 424/1115) taskfleet supervise::tests::quarantine_sweep_flags_corrupt_ids_but_keeps_valid_missing_children
        PASS [   0.194s] ( 425/1115) taskfleet supervise::tests::reconcile_never_records_unconfirmed_child_and_schedules_retry
        PASS [   0.051s] ( 426/1115) taskfleet supervise::tests::retry_branch_name_appends_and_does_not_accumulate_suffix
        PASS [   0.050s] ( 427/1115) taskfleet supervise::tests::retry_eligible_kind_matches_autonomous_single_node_workers
        PASS [   0.034s] ( 428/1115) taskfleet supervise::tests::within_spawn_grace_boundaries
        PASS [   0.246s] ( 429/1115) taskfleet supervise::tests::reseed_child_spawns_recovers_unconfirmed_children_only
        PASS [   2.714s] ( 430/1115) taskfleet supervise::cleanup::tests::session_killed_event_is_idempotent
        PASS [   1.838s] ( 431/1115) taskfleet supervise::cleanup::tests::worktree_with_untracked_file_is_force_removed_with_branch
        PASS [   1.029s] ( 432/1115) taskfleet supervise::notify::tests::repeated_ticks_dedup_via_marker
        PASS [   2.649s] ( 433/1115) taskfleet supervise::cleanup::tests::window_killed_by_id_no_fallback
        PASS [   2.907s] ( 434/1115) taskfleet supervise::cleanup::tests::worktree_cleanliness_tristate
        PASS [   1.225s] ( 435/1115) taskfleet supervise::tests::interactive_run_ignores_worker_exit_failure
        PASS [   0.879s] ( 436/1115) taskfleet supervise::watchdog::tests::check_liveness_alive_when_qualified_window_present
        PASS [   1.489s] ( 437/1115) taskfleet supervise::tests::interactive_run_explicit_merge_still_rolls_up_and_tears_down
        PASS [   1.643s] ( 438/1115) taskfleet supervise::tests::dirty_worktree_death_is_not_retried
        PASS [   1.645s] ( 439/1115) taskfleet supervise::tests::empty_handed_death_terminalizes_failed_after_max_attempts
        PASS [   1.661s] ( 440/1115) taskfleet supervise::tests::interactive_run_ignores_dead_pid
        PASS [   0.427s] ( 441/1115) taskfleet::config config_show_env_does_not_launder_invalid_file_value
        PASS [   0.696s] ( 442/1115) taskfleet::config config_path_text_prints_bare_path
        PASS [   1.102s] ( 443/1115) taskfleet::config config_path_json_pins_payload_shape
        PASS [   1.049s] ( 444/1115) taskfleet::config config_path_reports_exists_true_when_present
        PASS [   0.215s] ( 445/1115) taskfleet::config config_show_env_override_keeps_file_layers_visible
        PASS [   0.121s] ( 446/1115) taskfleet::config config_show_file_layers_include_override_and_inherited_default
        PASS [   1.782s] ( 447/1115) taskfleet supervise::tests::committed_work_death_is_not_retried_and_preserves_salvage_signal
        PASS [   1.323s] ( 448/1115) taskfleet supervise::tests::worker_exit_zero_without_merge_stays_non_terminal
        PASS [   0.106s] ( 449/1115) taskfleet::config config_show_invalid_env_is_reported_once
        PASS [   0.079s] ( 450/1115) taskfleet::config config_show_json_pins_payload_and_default_layers
        PASS [   1.372s] ( 451/1115) taskfleet supervise::tests::worker_exit_signal_terminalizes_failed
        PASS [   1.417s] ( 452/1115) taskfleet supervise::tests::worker_exit_nonzero_after_merge_keeps_done
        PASS [   0.117s] ( 453/1115) taskfleet::config config_show_parseable_wrong_type_is_tolerated
        PASS [   0.142s] ( 454/1115) taskfleet::config config_show_invalid_file_value_is_visible_and_successful
        PASS [   0.119s] ( 455/1115) taskfleet::config config_show_secrets_flag_is_accepted_noop
        PASS [   0.108s] ( 456/1115) taskfleet::config config_show_text_is_human_readable_and_layered
        PASS [   0.106s] ( 457/1115) taskfleet::config config_show_unparseable_toml_remains_a_hard_error
        PASS [   0.113s] ( 458/1115) taskfleet::config config_show_unrecognized_entries_are_separate_and_keys_stay_unique
        PASS [   0.118s] ( 459/1115) taskfleet::config config_show_whitespace_value_matches_execution_normalization
        PASS [   1.506s] ( 460/1115) taskfleet supervise::tests::worker_exit_nonzero_terminalizes_failed
        PASS [   0.212s] ( 461/1115) taskfleet::doctor binary_commit_is_disclosed_when_repository_comparison_is_not_applicable
        PASS [   0.521s] ( 462/1115) taskfleet::creation_reliability missing_candidate_fails_before_publication_and_rolls_back
        PASS [   2.450s] ( 463/1115) taskfleet supervise::tests::respawn_infrastructure_failure_terminalizes_after_budget
        PASS [   2.861s] ( 464/1115) taskfleet supervise::tests::empty_handed_death_retries_and_then_succeeds
        PASS [   0.028s] ( 465/1115) taskfleet::doctor dry_run_without_fix_is_rejected
        PASS [   1.554s] ( 466/1115) taskfleet supervise::watchdog::tests::check_liveness_falls_back_to_bare_name_without_identity
        PASS [   1.354s] ( 467/1115) taskfleet::doctor binary_commit_is_not_compared_in_a_foreign_git_repository
        PASS [   1.738s] ( 468/1115) taskfleet::doctor binary_commit_mismatch_warns_without_failing
        PASS [   1.985s] ( 469/1115) taskfleet::doctor binary_commit_reports_unavailable_when_applicable_head_cannot_be_read
        PASS [   2.285s] ( 470/1115) taskfleet::doctor binary_commit_matches_applicable_repository_head
        PASS [   2.444s] ( 471/1115) taskfleet::doctor broken_manifest_fails_schema_check_and_exits_one
        PASS [   2.814s] ( 472/1115) taskfleet::doctor binary_commit_recognises_compatibility_checkout
        PASS [   2.982s] ( 473/1115) taskfleet::doctor codex_checks_absent_without_marker
        PASS [   3.109s] ( 474/1115) taskfleet::doctor codex_orphan_prompt_and_companion_warn
        PASS [   3.195s] ( 475/1115) taskfleet::doctor codex_skill_drift_warns
        PASS [   3.969s] ( 476/1115) taskfleet::doctor corrupt_supervisor_pid_warns
        PASS [   3.686s] ( 477/1115) taskfleet::doctor dead_supervisor_pid_warns
        PASS [   3.667s] ( 478/1115) taskfleet::doctor fix_dry_run_emits_plan_and_changes_nothing
        PASS [   4.000s] ( 479/1115) taskfleet supervise::watchdog::tests::check_liveness_stays_alive_when_probe_unknown
        PASS [   3.898s] ( 480/1115) taskfleet::doctor fix_reinstalls_drifted_skill
        PASS [   3.591s] ( 481/1115) taskfleet::doctor fix_removes_stale_dead_supervisor_pid
        PASS [   0.041s] ( 482/1115) taskfleet::dual_name_resolver all_legacy_alias_warnings_are_one_stderr_line_and_never_stdout_jsonl
        PASS [   0.033s] ( 483/1115) taskfleet::dual_name_resolver dangling_symlink_home_fails_before_logging
        PASS [   3.487s] ( 484/1115) taskfleet::doctor healthy_install_passes_with_exit_zero
        PASS [   0.074s] ( 485/1115) taskfleet::dual_name_resolver default_home_matrix_adopts_only_populated_legacy_and_refuses_dual_truth
        PASS [   0.043s] ( 486/1115) taskfleet::dual_name_resolver differing_selector_aliases_fail_before_log_creation
        PASS [   0.045s] ( 487/1115) taskfleet::dual_name_resolver empty_legacy_directory_is_not_adopted
        PASS [   0.049s] ( 488/1115) taskfleet::dual_name_resolver existing_symlink_paths_compare_by_physical_identity
        PASS [   0.047s] ( 489/1115) taskfleet::dual_name_resolver explicit_home_intentionally_overrides_populated_defaults
        PASS [   0.035s] ( 490/1115) taskfleet::dual_name_resolver explicit_non_directory_fails_before_logging
        PASS [   3.367s] ( 491/1115) taskfleet::doctor invalid_run_directory_name_is_surfaced_as_warn
        PASS [   0.083s] ( 492/1115) taskfleet::dual_name_resolver explicit_home_matrix_accepts_new_old_and_normalized_equal_but_rejects_conflict
        PASS [   0.069s] ( 493/1115) taskfleet::dual_name_resolver frozen_051_state_is_read_from_a_default_adopted_legacy_root_without_byte_changes
        PASS [   0.048s] ( 494/1115) taskfleet::dual_name_resolver hidden_self_exec_suppresses_legacy_warning
        PASS [   0.047s] ( 495/1115) taskfleet::dual_name_resolver hostile_warning_path_stays_one_physical_line
        PASS [   0.038s] ( 496/1115) taskfleet::dual_name_resolver nonexistent_suffix_equivalence_is_lexical_and_case_sensitive
        PASS [   0.048s] ( 497/1115) taskfleet::dual_name_resolver normalized_selector_aliases_are_equal
        PASS [   0.036s] ( 498/1115) taskfleet::dual_name_resolver semantic_output_conflict_is_filesystem_pure
        PASS [   0.079s] ( 499/1115) taskfleet::dual_name_resolver repository_config_old_equal_and_conflict_semantics_precede_writes
        PASS [   0.044s] ( 500/1115) taskfleet::dual_name_resolver split_roots_refuse_metadata_commands_before_logging
        PASS [   0.048s] ( 501/1115) taskfleet::dual_name_resolver structured_and_text_help_are_filesystem_pure_even_with_conflicting_inputs
        PASS [   0.046s] ( 502/1115) taskfleet::dual_name_resolver symlink_parent_traversal_uses_kernel_semantics
        PASS [   0.274s] ( 503/1115) taskfleet::envelope_snapshots event_tail_envelopes
        PASS [   0.054s] ( 504/1115) taskfleet::envelope_snapshots global_arg_error_envelopes
        PASS [   0.383s] ( 505/1115) taskfleet::envelope_snapshots event_envelopes
        PASS [   0.241s] ( 506/1115) taskfleet::envelope_snapshots node_envelopes
        PASS [   0.264s] ( 507/1115) taskfleet::envelope_snapshots run_create_envelopes
        PASS [   3.995s] ( 508/1115) taskfleet::doctor json_emits_section18_bundled_shape
        PASS [   0.134s] ( 509/1115) taskfleet::envelope_snapshots run_error_envelopes
        PASS [   0.103s] ( 510/1115) taskfleet::envelope_snapshots skill_envelopes
        PASS [   0.150s] ( 511/1115) taskfleet::envelope_snapshots run_show_envelopes
        PASS [   0.077s] ( 512/1115) taskfleet::envelope_snapshots version_envelopes
        PASS [   0.101s] ( 513/1115) taskfleet::event dry_run_does_not_touch_filesystem
        PASS [   3.897s] ( 514/1115) taskfleet::doctor jsonl_streams_one_check_per_line_then_summary_event
        PASS [   0.122s] ( 515/1115) taskfleet::event from_file_invalid_json_rejected
        PASS [   0.132s] ( 516/1115) taskfleet::event from_file_size_cap_enforced
        PASS [   0.242s] ( 517/1115) taskfleet::event dry_run_projections_match_real_apply_writes
        PASS [   3.823s] ( 518/1115) taskfleet::doctor pi_checks_absent_without_provenance_record
        PASS [   0.259s] ( 519/1115) taskfleet::event idempotency_key_returns_existing_seq
        PASS [   0.270s] ( 520/1115) taskfleet::event idempotency_key_conflict_on_payload_mismatch
        PASS [   0.176s] ( 521/1115) taskfleet::event malformed_state_file_json_is_corrupt_state_not_io_error
        PASS [   0.191s] ( 522/1115) taskfleet::event idempotency_scan_over_corrupt_interior_line_is_corrupt_state
        PASS [   3.821s] ( 523/1115) taskfleet::doctor pi_in_sync_after_install_is_ok
        PASS [   0.164s] ( 524/1115) taskfleet::event missing_node_id_for_node_scoped_kind_rejected
        PASS [  15.145s] ( 525/1115) taskfleet supervise::capture::tests::run_pipe_pane_times_out_on_a_wedged_tmux
        PASS [   0.085s] ( 526/1115) taskfleet::event run_not_found_is_user_error
        PASS [   0.185s] ( 527/1115) taskfleet::event node_heartbeat_kind_is_rejected
        PASS [   0.231s] ( 528/1115) taskfleet::event run_created_kind_is_forbidden_via_event_create
        PASS [   0.235s] ( 529/1115) taskfleet::event node_id_rejected_for_run_status
        PASS [   0.326s] ( 530/1115) taskfleet::event orchestrator_decision_and_discuss_critical_are_appended_and_visible_in_tail
        PASS [   0.363s] ( 531/1115) taskfleet::event node_created_then_node_status_updates_projection
        PASS [   3.975s] ( 532/1115) taskfleet::doctor pi_orphan_companion_flagged_then_cleared_by_force
        PASS [   0.112s] ( 533/1115) taskfleet::event tail_from_seq_zero_includes_seq_one
        PASS [   0.135s] ( 534/1115) taskfleet::event tail_from_seq_skips_earlier_events
        PASS [   0.045s] ( 535/1115) taskfleet::event tail_invalid_run_id_rejected
        PASS [   0.131s] ( 536/1115) taskfleet::event tail_output_aliasing_events_file_is_rejected
        PASS [   0.144s] ( 537/1115) taskfleet::event tail_jsonl_format_canonical_one_line
        PASS [   0.165s] ( 538/1115) taskfleet::event tail_output_file_truncate_without_follow
        PASS [   0.178s] ( 539/1115) taskfleet::event tail_reads_existing_events_and_terminal_envelope
        PASS [   0.149s] ( 540/1115) taskfleet::event tail_rejects_pretty_json_format
        PASS [   0.129s] ( 541/1115) taskfleet::event tail_text_format_no_terminal_envelope
        PASS [   0.097s] ( 542/1115) taskfleet::event tail_unknown_run_fails_with_run_not_found
        PASS [   0.030s] ( 543/1115) taskfleet::help_json bare_help_is_unchanged_text
        PASS [   0.039s] ( 544/1115) taskfleet::help_json conflicting_flags_expose_the_edge
        PASS [   0.698s] ( 545/1115) taskfleet::event tail_follow_detects_log_truncation
        PASS [   0.022s] ( 546/1115) taskfleet::help_json depth_two_expands_immediate_children_fully
        PASS [   0.119s] ( 547/1115) taskfleet::event unknown_kind_is_rejected_with_expected_list
        PASS [   0.656s] ( 548/1115) taskfleet::event tail_follow_emits_cancelled_envelope_on_sigint
        PASS [   0.022s] ( 549/1115) taskfleet::help_json double_dash_suppresses_json_help_detection
        PASS [   0.025s] ( 550/1115) taskfleet::help_json flags_are_sorted_by_name
        PASS [   0.025s] ( 551/1115) taskfleet::help_json invalid_depth_value_errors_with_invalid_arguments
        PASS [   0.021s] ( 552/1115) taskfleet::help_json jsonl_is_a_single_line
        PASS [   0.029s] ( 553/1115) taskfleet::help_json invalid_output_is_not_hidden_by_json_help
        PASS [   0.030s] ( 554/1115) taskfleet::help_json json_and_output_are_conflicting_selectors_under_help_too
        PASS [   0.025s] ( 555/1115) taskfleet::help_json nested_unknown_subcommand_after_a_valid_noun_errors
        PASS [   0.026s] ( 556/1115) taskfleet::help_json output_equals_form_triggers_json_help
        PASS [   0.023s] ( 557/1115) taskfleet::help_json output_file_help_writes_json_file
        PASS [   0.020s] ( 558/1115) taskfleet::help_json output_flag_reports_custom_accepted_values_and_arity
        PASS [   0.082s] ( 559/1115) taskfleet::help_json leaf_verb_help_json
        PASS [   0.020s] ( 560/1115) taskfleet::help_json output_text_with_help_stays_text
        PASS [   0.020s] ( 561/1115) taskfleet::help_json requiring_flags_expose_the_edge
        PASS [   0.022s] ( 562/1115) taskfleet::help_json structured_help_rejects_non_utf8_output_path_without_lossy_routing
        PASS [   0.021s] ( 563/1115) taskfleet::help_json subcommands_are_sorted_by_name
        PASS [   0.021s] ( 564/1115) taskfleet::help_json top_level_help_json_default_depth_summarizes_subcommands
        PASS [   0.236s] ( 565/1115) taskfleet::help_json config_noun_help_json_lists_verbs
        PASS [   0.020s] ( 566/1115) taskfleet::help_json unknown_subcommand_after_flags_errors
        PASS [   0.019s] ( 567/1115) taskfleet::help_json unknown_subcommand_with_json_help_errors
        PASS [   0.034s] ( 568/1115) taskfleet::logging clean_exit_flushes_jsonl_log_lines
        PASS [   0.069s] ( 569/1115) taskfleet::help_json top_level_help_json_locks_the_whole_surface
        PASS [   0.053s] ( 570/1115) taskfleet::logging repeated_invocations_append_without_truncation
        PASS [   0.187s] ( 571/1115) taskfleet::help_json noun_only_help_json_lists_verbs
        PASS [   0.081s] ( 572/1115) taskfleet::node list_invalid_run_id_rejected
        PASS [   0.168s] ( 573/1115) taskfleet::node list_empty_run_returns_no_nodes
        PASS [   0.225s] ( 574/1115) taskfleet::node event_create_cannot_bypass_node_report_validation
        PASS [   0.269s] ( 575/1115) taskfleet::node list_emits_kebab_case_kind_and_status
        PASS [   0.069s] ( 576/1115) taskfleet::node list_unknown_run_rejected
        PASS [   0.745s] ( 577/1115) taskfleet::event tail_signal_exit_flushes_own_diagnostic_logs
        PASS [   3.917s] ( 578/1115) taskfleet::doctor pi_orphan_warns_for_managed_deregistered_mirror
        PASS [   0.476s] ( 579/1115) taskfleet::node advisory_read_failure_does_not_hide_canonical_run_rows
        PASS [   0.376s] ( 580/1115) taskfleet::node list_returns_created_nodes_sorted
        PASS [   3.893s] ( 581/1115) taskfleet::doctor pi_sync_drift_warns_with_install_suggestion
        PASS [   0.358s] ( 582/1115) taskfleet::node report_dry_run_does_not_touch_filesystem
        PASS [   0.484s] ( 583/1115) taskfleet::node list_status_filter
        PASS [   1.441s] ( 584/1115) taskfleet::event tail_follow_picks_up_appended_event_within_one_second
        PASS [   3.904s] ( 585/1115) taskfleet::doctor skill_drift_warns_with_install_suggestion
        PASS [   0.417s] ( 586/1115) taskfleet::node report_from_file_too_large_rejected
        PASS [   0.456s] ( 587/1115) taskfleet::node report_appends_event_and_updates_node
        PASS [   0.094s] ( 588/1115) taskfleet::node report_invalid_run_id_rejected
        PASS [   0.166s] ( 589/1115) taskfleet::node report_unknown_run_rejected
        PASS [   0.509s] ( 590/1115) taskfleet::node report_idempotency_conflict_on_payload_mismatch
        PASS [   0.306s] ( 591/1115) taskfleet::node report_unknown_node_rejected
        PASS [   0.482s] ( 592/1115) taskfleet::node report_idempotency_key_returns_existing_seq
        PASS [   0.527s] ( 593/1115) taskfleet::node report_invalid_payload_rejected
        PASS [   0.705s] ( 594/1115) taskfleet::node report_idempotency_conflict_on_node_mismatch
        PASS [   4.014s] ( 595/1115) taskfleet supervise::watchdog::tests::check_liveness_uses_qualified_identity_for_tmux_gone
        PASS [   0.319s] ( 596/1115) taskfleet::node show_unknown_node_rejected
        PASS [   0.025s] ( 597/1115) taskfleet supervise::watchdog::tests::dead_pid_is_dead
        PASS [   3.875s] ( 598/1115) taskfleet::doctor skill_orphan_warns_only_for_managed_deregistered_dir
        PASS [   0.534s] ( 599/1115) taskfleet::node report_success_false_marks_node_failed
        PASS [   0.463s] ( 600/1115) taskfleet::node show_returns_full_node_json
        PASS [   0.027s] ( 601/1115) taskfleet supervise::watchdog::tests::interactive_dead_pid_no_window_signal_keeps_pid_verdict
        PASS [   0.027s] ( 602/1115) taskfleet::package_graph active_distribution_is_taskfleet_only_and_structurally_authorized
        PASS [   0.021s] ( 603/1115) taskfleet::package_graph release_topology_has_exact_ordered_and_independent_legs
        PASS [   0.139s] ( 604/1115) taskfleet::package_graph normalized_workspace_graph_has_one_engine_and_one_compatibility_binary
        PASS [   0.538s] ( 605/1115) taskfleet::node telemetry_update_flags_are_bounded_and_do_not_change_run_truth
        PASS [   0.799s] ( 606/1115) taskfleet::node run_views_distinguish_freshness_corruption_and_old_attempts
        PASS [   0.642s] ( 607/1115) taskfleet::node telemetry_input_size_boundary_and_missing_file_are_stable
        PASS [   0.881s] ( 608/1115) taskfleet::node run_show_and_list_surface_only_observational_telemetry
        PASS [   2.155s] ( 609/1115) taskfleet::event tail_partial_line_is_held_until_newline_arrives
        PASS [   0.630s] ( 610/1115) taskfleet::node telemetry_update_accepts_strict_file_and_stdin_json
        PASS [   0.102s] ( 611/1115) taskfleet::run cancel_malformed_run_id_returns_invalid_run_id
        PASS [   0.102s] ( 612/1115) taskfleet::run cancel_missing_run_returns_run_not_found
        PASS [   0.109s] ( 613/1115) taskfleet::run cancel_impossible_prefix_leading_digit_returns_invalid_run_id
        PASS [   0.479s] ( 614/1115) taskfleet::run cancel_ambiguous_prefix_errors_with_candidates
        PASS [   0.515s] ( 615/1115) taskfleet::run attention_beats_orphaned_stall_in_show_and_list
        PASS [   0.603s] ( 616/1115) taskfleet::node telemetry_update_rejects_mixed_unknown_oversize_and_invalid_metadata
        PASS [   0.118s] ( 617/1115) taskfleet::run cancel_node_missing_run_is_run_not_found
        PASS [   0.953s] ( 618/1115) taskfleet::node telemetry_update_pins_states_versions_attempt_and_terminal_errors
        PASS [   0.445s] ( 619/1115) taskfleet::run cancel_resolves_unambiguous_run_id_prefix
        PASS [   0.371s] ( 620/1115) taskfleet::run cancel_unknown_prefix_returns_run_not_found
        PASS [   0.566s] ( 621/1115) taskfleet::run cancel_node_unknown_id_is_node_not_found
        PASS [   0.810s] ( 622/1115) taskfleet::run cancel_done_run_is_refused_run_already_terminal
        PASS [   0.635s] ( 623/1115) taskfleet::run cancel_node_malformed_id_is_rejected_before_side_effects
        PASS [   1.021s] ( 624/1115) taskfleet::run cancel_does_not_over_report_already_terminal_node
        PASS [   0.042s] ( 625/1115) taskfleet::run create_rejects_unbalanced_parent_flags
        PASS [   1.179s] ( 626/1115) taskfleet::run cancel_already_cancelled_run_converges_live_node
        PASS [   0.120s] ( 627/1115) taskfleet::run create_dry_run_does_not_touch_filesystem
        PASS [   0.123s] ( 628/1115) taskfleet::run create_rejects_empty_title
        PASS [  10.484s] ( 629/1115) taskfleet::creation_reliability interrupted_native_materialization_never_publishes_zero_node_run
        PASS [   0.318s] ( 630/1115) taskfleet::run create_child_dry_run_is_unsupported
        PASS [   0.874s] ( 631/1115) taskfleet::run cancel_node_duplicate_is_idempotent
        PASS [   1.007s] ( 632/1115) taskfleet::run cancel_each_node_keeps_run_live_until_last_then_rolls_up
        PASS [   0.531s] ( 633/1115) taskfleet::run concurrent_same_idempotency_key_creates_one_run
        PASS [   0.875s] ( 634/1115) taskfleet::run cancel_node_on_already_done_node_is_noop
        PASS [   0.113s] ( 635/1115) taskfleet::run explicit_invalid_source_repo_fails_instead_of_reading_cwd_config
        PASS [   0.145s] ( 636/1115) taskfleet::run exhausted_profile_returns_full_compact_attempt_without_mutation
        PASS [   0.448s] ( 637/1115) taskfleet::run create_child_writes_child_spawned_to_parent_events
        PASS [   0.140s] ( 638/1115) taskfleet::run list_when_root_missing_returns_empty
        PASS [   0.431s] ( 639/1115) taskfleet::run create_with_idempotency_key_returns_same_run_id
        PASS [   0.528s] ( 640/1115) taskfleet::run create_interactive_persists_lifecycle
        PASS [   0.377s] ( 641/1115) taskfleet::run legacy_removed_kind_run_is_read_only
        PASS [   1.168s] ( 642/1115) taskfleet::run cancel_node_settles_one_child_and_leaves_run_and_siblings_live
        PASS [   0.465s] ( 643/1115) taskfleet::run early_failure_after_reserve_frees_the_key
        PASS [   0.393s] ( 644/1115) taskfleet::run idempotent_profile_replay_uses_recorded_selection_after_config_drift
        PASS [   0.500s] ( 645/1115) taskfleet::run create_then_list_then_show_then_cancel_flow
        PASS [   0.285s] ( 646/1115) taskfleet::run list_within_grace_does_not_flag_stillborn
        PASS [   0.428s] ( 647/1115) taskfleet::run list_filters_by_kind_and_status
        PASS [   0.114s] ( 648/1115) taskfleet::run reattach_missing_run_returns_run_not_found
        PASS [   0.135s] ( 649/1115) taskfleet::run show_malformed_run_id_returns_invalid_run_id
        PASS [   0.191s] ( 650/1115) taskfleet::run repository_config_is_selection_only_and_cannot_define_commands
        PASS [   1.906s] ( 651/1115) taskfleet supervise::watchdog::tests::interactive_dead_pid_with_absent_window_is_tmux_gone
        PASS [   0.157s] ( 652/1115) taskfleet::run show_missing_run_returns_run_not_found
        PASS [   0.369s] ( 653/1115) taskfleet::run profile_resolution_matches_dry_run_persisted_create_and_show
        PASS [   0.675s] ( 654/1115) taskfleet::run list_flags_stillborn_run
        PASS [   0.745s] ( 655/1115) taskfleet::run multi_node_run_is_not_flagged_attention_off_n0001
        PASS [   0.975s] ( 656/1115) taskfleet::run list_flags_attention_required_run
        PASS [   0.470s] ( 657/1115) taskfleet::run show_surfaces_run_row_at_top_level_matching_list
        PASS [  13.301s] ( 658/1115) taskfleet supervise::tests::profile_retry_uses_recorded_candidate_and_absolute_attempt
        PASS [   0.857s] ( 659/1115) taskfleet::run recancel_fully_converged_run_reports_no_new_changes
        PASS [   0.759s] ( 660/1115) taskfleet::run show_surfaces_attention_required_run
        PASS [   0.892s] ( 661/1115) taskfleet::run show_hides_single_worker_report_on_multi_node_runs
        PASS [   0.763s] ( 662/1115) taskfleet::run show_surfaces_default_worker_report
        PASS [   0.371s] ( 663/1115) taskfleet::run_merge bad_report_file_rejected_before_merge
        PASS [   0.789s] ( 664/1115) taskfleet::run telemetry_requirement_and_support_come_only_from_recorded_policy
        PASS [   0.300s] ( 665/1115) taskfleet::run_merge dry_run_resolves_without_side_effects
        PASS [   1.199s] ( 666/1115) taskfleet supervise::watchdog::tests::interactive_dead_pid_with_live_window_is_alive
        PASS [   1.365s] ( 667/1115) taskfleet::run_false_failed run_show_does_not_flag_never_advanced_branch_without_base_sha
        PASS [   1.537s] ( 668/1115) taskfleet::run_false_failed run_show_does_not_flag_genuinely_unlanded_failed_run
        PASS [  13.022s] ( 669/1115) taskfleet::creation_reliability immediate_exit_candidate_fails_before_publication
        PASS [   0.429s] ( 670/1115) taskfleet::run_merge merge_on_cancelled_run_is_refused
        PASS [   0.058s] ( 671/1115) taskfleet::run_merge missing_run_is_run_not_found
        PASS [   0.353s] ( 672/1115) taskfleet::run_merge missing_backend_with_live_worktree_is_merge_spawn_failed
        PASS [   0.229s] ( 673/1115) taskfleet::run_merge nonterminal_missing_worktree_is_worktree_missing
        PASS [   1.902s] ( 674/1115) taskfleet::run_false_failed run_show_flags_raw_selfmerge_death_as_false_failed_without_auto_success
        PASS [   1.601s] ( 675/1115) taskfleet::run_merge failed_merge_surfaces_error_and_writes_no_report
        PASS [   0.350s] ( 676/1115) taskfleet::run_merge non_success_report_file_is_rejected
        PASS [  13.697s] ( 677/1115) taskfleet::creation_reliability supervisor_boot_failure_is_loud_after_native_publication
        PASS [   0.333s] ( 678/1115) taskfleet::run_merge terminal_failed_torn_down_is_run_already_terminal
        PASS [   0.280s] ( 679/1115) taskfleet::run_ownership duplicate_exact_path_claims_fail_closed
        PASS [   1.835s] ( 680/1115) taskfleet supervise::watchdog::tests::interactive_dead_pid_with_unknown_window_stays_alive
        PASS [   3.392s] ( 681/1115) taskfleet::run_merge failed_merge_on_preterminal_node_reclaims_nothing
        PASS [   1.391s] ( 682/1115) taskfleet::run_ownership each_worktree_resolves_only_its_full_run_id_when_old_prefix_collides
        PASS [   3.869s] ( 683/1115) taskfleet::run_merge genuine_dirty_target_still_blocks
        PASS [   0.438s] ( 684/1115) taskfleet::run_ownership missing_and_malformed_evidence_are_distinct_errors
        PASS [   3.971s] ( 685/1115) taskfleet::run_merge merge_defers_to_supervisor_when_report_adopted
        PASS [   0.175s] ( 686/1115) taskfleet::run_ownership show_current_clap_requires_exactly_one_selector
        PASS [   0.295s] ( 687/1115) taskfleet::run_ownership relative_path_and_missing_branch_are_refused_as_unsafe_evidence
        PASS [   0.266s] ( 688/1115) taskfleet::run_ownership stale_branch_evidence_fails_closed
        PASS [   4.407s] ( 689/1115) taskfleet::run_merge merge_adopts_swallowed_report_and_defers_teardown
        PASS [   0.324s] ( 690/1115) taskfleet::run_salvage done_run_with_live_worktree_points_at_reattach
        PASS [   3.334s] ( 691/1115) taskfleet::run_merge report_file_payload_is_submitted_with_marker
        PASS [   0.385s] ( 692/1115) taskfleet::run_salvage dry_run_previews_without_mutating
        PASS [   0.387s] ( 693/1115) taskfleet::run_salvage refuses_cancelled_run
        PASS [   0.425s] ( 694/1115) taskfleet::run_salvage refuses_done_run
        PASS [   5.279s] ( 695/1115) taskfleet::run_merge concurrent_self_merge_serializes_instead_of_false_dirty
        PASS [   0.445s] ( 696/1115) taskfleet::run_salvage refuses_multi_node_run
        PASS [   0.331s] ( 697/1115) taskfleet::run_salvage refuses_never_started_pending_run
        PASS [   3.715s] ( 698/1115) taskfleet::run_merge second_merge_on_terminal_run_is_run_already_terminal
        PASS [   0.221s] ( 699/1115) taskfleet::run_salvage refuses_unknown_run
        PASS [   0.470s] ( 700/1115) taskfleet::run_salvage refuses_run_without_worktree
        PASS [   0.444s] ( 701/1115) taskfleet::run_salvage refuses_torn_down_worktree
        PASS [   0.393s] ( 702/1115) taskfleet::run_salvage refuses_unverifiable_live_worker
        PASS [   0.368s] ( 703/1115) taskfleet::run_wait all_and_any_are_mutually_exclusive
        PASS [   3.996s] ( 704/1115) taskfleet::run_merge successful_merge_submits_explicit_merge_report
        PASS [   2.501s] ( 705/1115) taskfleet::run_ownership legacy_and_entropy_branch_formats_both_resolve_by_exact_ownership
        PASS [   0.509s] ( 706/1115) taskfleet::run_wait attention_required_run_fail_on_error_exits_three
        PASS [   4.431s] ( 707/1115) taskfleet::run_merge terminal_but_unmerged_run_still_merges
        PASS [   0.589s] ( 708/1115) taskfleet::run_wait attention_required_run_settles_promptly_without_terminalizing
        PASS [   0.670s] ( 709/1115) taskfleet::run_wait attention_wins_over_orphaned_stall
        PASS [   0.276s] ( 710/1115) taskfleet::run_wait malformed_timeout_is_rejected_up_front
        PASS [   0.935s] ( 711/1115) taskfleet::run_wait any_returns_when_one_of_two_is_terminal
        PASS [   7.310s] ( 712/1115) taskfleet::run profile_launch_failure_stays_a_launch_failure_without_publication_or_fallback
        PASS [   0.824s] ( 713/1115) taskfleet::run_wait awaiting_input_surfaces_and_settles_after_grace
        PASS [   0.267s] ( 714/1115) taskfleet::run_wait stillborn_run_fail_on_error_exits_three
        PASS [   0.849s] ( 715/1115) taskfleet::run_wait fail_on_error_with_failed_run_exits_three
        PASS [   0.271s] ( 716/1115) taskfleet::run_wait stillborn_run_settles_promptly_as_stalled
        PASS [   4.518s] ( 717/1115) taskfleet::run_merge typoed_advisory_field_merges_with_warning
        PASS [   0.114s] ( 718/1115) taskfleet::run_wait unknown_run_id_exits_one
        PASS [   0.483s] ( 719/1115) taskfleet::run_wait orphaned_run_settles_promptly_as_stalled
        PASS [   0.335s] ( 720/1115) taskfleet::run_worker internal_launcher_starts_candidate_before_publication_and_reports_early_exit
        PASS [   0.397s] ( 721/1115) taskfleet::run_worker shim_records_a_told_failure_when_the_worker_cannot_launch
        PASS [   0.401s] ( 722/1115) taskfleet::run_worker shim_records_clean_exit_and_propagates_zero
        PASS [   4.508s] ( 723/1115) taskfleet supervise::watchdog::tests::interactive_live_pid_and_window_is_alive
        PASS [   0.441s] ( 724/1115) taskfleet::run_worker internal_root_controls_preflight_logging_and_marker_stops_at_worker_boundary
        PASS [   0.375s] ( 725/1115) taskfleet::run_worker shim_records_nonzero_exit_and_propagates_it
        PASS [   0.148s] ( 726/1115) taskfleet::run_worker shim_rejects_unknown_run
        PASS [   0.971s] ( 727/1115) taskfleet::run_wait recently_active_dead_supervisor_run_does_not_settle_early
        PASS [   0.614s] ( 728/1115) taskfleet::run_worker shim_forwards_sigterm_and_records_the_childs_true_exit
        PASS [   0.300s] ( 729/1115) taskfleet::run_worker shim_records_signal_death
        PASS [   0.017s] ( 730/1115) taskfleet::skill every_renamed_legacy_skill_hash_is_fixture_pinned
        PASS [   0.260s] ( 731/1115) taskfleet::run_worker shim_rejects_unknown_node
        PASS [   1.232s] ( 732/1115) taskfleet::run_wait fresh_tool_telemetry_does_not_satisfy_run_wait
        PASS [   0.922s] ( 733/1115) taskfleet::run_wait timeout_without_terminal_run_exits_two
        PASS [   0.131s] ( 734/1115) taskfleet::skill codex_install_writes_provenance_marker
        PASS [   0.174s] ( 735/1115) taskfleet::skill skill_install_accepts_bare_relative_dest
        PASS [   0.204s] ( 736/1115) taskfleet::skill renamed_skill_migration_fails_closed_on_partial_old_new_ownership
        PASS [   0.493s] ( 737/1115) taskfleet::skill bundled_stint_guidance_distinguishes_untriaged_from_explicit_deferral
        PASS [   0.340s] ( 738/1115) taskfleet::skill renamed_owned_skills_migrate_by_hash_across_all_agent_layouts
        PASS [   0.144s] ( 739/1115) taskfleet::skill skill_install_agent_all_with_dest_is_rejected
        PASS [   7.543s] ( 740/1115) taskfleet::run_merge downstream_exit_75_is_not_merge_in_progress
        PASS [   3.360s] ( 741/1115) taskfleet::run_salvage attention_required_run_is_finished
        PASS [   0.455s] ( 742/1115) taskfleet::skill skill_install_agent_all_also_dual_homes_into_pi
        PASS [   0.229s] ( 743/1115) taskfleet::skill skill_install_agent_codex_does_not_dual_home_into_pi
        PASS [   0.373s] ( 744/1115) taskfleet::skill skill_install_agent_all_installs_to_both_default_paths
        PASS [   7.873s] ( 745/1115) taskfleet::run_merge concurrent_self_merge_waits_then_succeeds
        PASS [   0.872s] ( 746/1115) taskfleet::skill codex_force_prunes_orphan_prompt_and_companion
        PASS [   0.217s] ( 747/1115) taskfleet::skill skill_install_dest_does_not_dual_home_into_pi
        PASS [   0.597s] ( 748/1115) taskfleet::skill skill_install_default_dual_homes_into_pi
        PASS [   0.299s] ( 749/1115) taskfleet::skill skill_install_divergent_pi_collision_fails_atomically_without_force
        PASS [   0.600s] ( 750/1115) taskfleet::skill skill_install_default_stamps_provenance_marker
        PASS [   0.226s] ( 751/1115) taskfleet::skill skill_install_dry_run_reports_plan_and_writes_nothing
        PASS [   0.275s] ( 752/1115) taskfleet::skill skill_install_fails_closed_on_corrupt_pi_provenance
        PASS [   0.425s] ( 753/1115) taskfleet::skill skill_install_explicit_pi_only_uses_native_tree
        PASS [   2.025s] ( 754/1115) taskfleet supervise::watchdog::tests::interactive_recycled_pid_with_live_window_is_alive
        PASS [   0.067s] ( 755/1115) taskfleet supervise::watchdog::tests::interactive_without_window_falls_back_to_pid
        PASS [   0.068s] ( 756/1115) taskfleet supervise::watchdog::tests::mismatched_start_time_detects_recycled_pid
        PASS [   0.064s] ( 757/1115) taskfleet supervise::watchdog::tests::own_pid_has_start_time_and_is_alive
        PASS [   0.320s] ( 758/1115) taskfleet supervise::watchdog::tests::probe_timeout_yields_unreachable_and_pid_only_liveness
        PASS [   2.405s] ( 759/1115) taskfleet::skill renamed_skill_migration_preserves_edited_unmanaged_stale_and_corrupt_legacy_bytes
        PASS [   4.351s] ( 760/1115) taskfleet::run_wait all_happy_path_two_done_runs_exit_zero
        PASS [   0.906s] ( 761/1115) taskfleet::skill skill_install_force_prunes_orphan_companion_file
        PASS [  15.636s] ( 762/1115) taskfleet::e2e_spinoff native_spinoff_round_trip_reaches_done_and_tears_down
        PASS [   2.468s] ( 763/1115) taskfleet::skill skill_install_all_without_force_does_not_prune
        PASS [   2.692s] ( 764/1115) taskfleet::skill skill_install_all_does_not_follow_symlinked_orphan
        PASS [   0.749s] ( 765/1115) taskfleet supervise::watchdog::tests::snapshot_is_one_invocation_per_socket_regardless_of_node_count
        PASS [   2.776s] ( 766/1115) taskfleet::skill skill_install_all_prunes_managed_orphan
        PASS [   0.206s] ( 767/1115) taskfleet::skill skill_install_force_replaces_dangling_symlink
        PASS [   2.738s] ( 768/1115) taskfleet::skill skill_install_all_spares_copied_and_renamed_managed_skill
        PASS [   0.814s] ( 769/1115) taskfleet::skill skill_install_force_reconciles_dropped_pi_companion
        PASS [   2.759s] ( 770/1115) taskfleet::skill skill_install_all_spares_unmanaged_same_name_dir
        PASS [   0.789s] ( 771/1115) taskfleet::skill skill_install_force_refreshes_stale_pi_mirror
        PASS [   0.924s] ( 772/1115) taskfleet::skill skill_install_force_relinquishes_diverged_dropped_pi_companion
        PASS [   0.853s] ( 773/1115) taskfleet::skill skill_install_force_repairs_missing_claude_when_pi_is_current
        PASS [   0.256s] ( 774/1115) taskfleet::skill skill_install_over_older_version_requires_force_and_then_warns
        PASS [   0.297s] ( 775/1115) taskfleet::skill skill_install_over_newer_version_refuses_with_skill_version_too_new
        PASS [   0.500s] ( 776/1115) taskfleet::skill skill_install_named_does_not_prune
        PASS [   0.276s] ( 777/1115) taskfleet::skill skill_install_partial_failure_is_preflighted
        PASS [   0.504s] ( 778/1115) taskfleet supervise::watchdog::tests::snapshot_no_socket_flag_for_default
        PASS [   0.325s] ( 779/1115) taskfleet::skill skill_install_refuses_overwrite_then_force_succeeds
        PASS [   3.720s] ( 780/1115) taskfleet::skill corrupt_marker_traversal_records_never_escape_agent_roots
        PASS [   0.156s] ( 781/1115) taskfleet::skill skill_list_json_pins_catalog_shape
        PASS [   0.377s] ( 782/1115) taskfleet::skill skill_install_target_preserves_all_native_layouts
        PASS [   0.294s] ( 783/1115) taskfleet::skill skill_print_default_streams_skill_md_byte_identically
        PASS [   0.208s] ( 784/1115) taskfleet::skill skill_print_unknown_emits_skill_not_found
        PASS [   0.448s] ( 785/1115) taskfleet::skill skill_install_target_collision_is_atomic_and_force_overwrites
        PASS [   0.224s] ( 786/1115) taskfleet::skill skill_print_json_payload_pins_schema
        PASS [   0.448s] ( 787/1115) taskfleet::skill skill_install_with_default_paths_writes_under_home
        PASS [   0.429s] ( 788/1115) taskfleet::skill skill_install_writes_pi_provenance_record
        PASS [   0.663s] ( 789/1115) taskfleet::skill skill_install_self_repairs_missing_pi_mirror_without_force
        PASS [   2.579s] ( 790/1115) taskfleet::skill skill_install_force_preserves_diverged_pi_mirror
        PASS [   0.101s] ( 791/1115) taskfleet::skill_examples extractor_tests::honours_skip_marker_above_and_inline
        PASS [   0.069s] ( 792/1115) taskfleet::skill_examples extractor_tests::ignores_taskfleet_outside_fences
        PASS [   0.068s] ( 793/1115) taskfleet::skill_examples extractor_tests::joins_continuations_and_strips_brackets
        PASS [   0.067s] ( 794/1115) taskfleet::skill_examples extractor_tests::substitutes_kind_and_version_placeholders
        PASS [   0.189s] ( 795/1115) taskfleet::skill skill_show_json_wraps_content_under_data
        PASS [   2.564s] ( 796/1115) taskfleet::skill skill_install_force_prunes_deregistered_pi_mirror
        PASS [   0.156s] ( 797/1115) taskfleet::skill skill_show_unknown_emits_skill_not_found
        PASS [   0.176s] ( 798/1115) taskfleet::skill skill_show_text_prints_skill_md_contents
        PASS [   0.055s] ( 799/1115) taskfleet::skill_examples worker_skill_failure_disclosure_sections_are_self_contained
        PASS [   0.084s] ( 800/1115) taskfleet::skill_examples gate_rejects_a_bogus_flag
        PASS [   0.076s] ( 801/1115) taskfleet::skill_examples validation_has_no_side_effects
        PASS [   0.508s] ( 802/1115) taskfleet supervise::watchdog::tests::snapshot_parses_list_windows_fixture
        PASS [   0.109s] ( 803/1115) taskfleet::skill_examples failure_disclosure_command_shapes_match_the_binary
        PASS [   3.772s] ( 804/1115) taskfleet::skill skill_install_all_keeps_registered_skills
        PASS [   0.104s] ( 805/1115) taskfleet::spawn_all_kinds missing_task_is_rejected_before_native_dependencies
        PASS [   0.136s] ( 806/1115) taskfleet::state_migration active_fixture_and_dual_roots_refuse_without_moving
        PASS [   0.150s] ( 807/1115) taskfleet::state_migration dry_run_is_read_only_and_reports_operator_exclusion
        PASS [   4.412s] ( 808/1115) taskfleet::skill forced_full_install_prunes_retired_dag_companion_from_all_mirrors
        PASS [   0.297s] ( 809/1115) taskfleet::state_migration corrupt_receipt_and_recreated_legacy_root_fail_closed
        PASS [   0.363s] ( 810/1115) taskfleet::state_migration canonical_alias_still_closes_first_write_marker
        PASS [   0.306s] ( 811/1115) taskfleet::state_migration crash_after_rename_recovers_forward_from_prepared_receipt
        PASS [   0.088s] ( 812/1115) taskfleet::state_migration existing_destination_refuses_without_replacement
        PASS [   1.293s] ( 813/1115) taskfleet::skill skill_install_no_name_installs_every_skill
        PASS [   0.568s] ( 814/1115) taskfleet::skill_examples every_skill_taskfleet_example_matches_the_binary
        PASS [   1.036s] ( 815/1115) taskfleet::skill skill_install_without_force_does_not_prune_pi_mirror
        PASS [   0.139s] ( 816/1115) taskfleet::state_migration external_state_writer_fence_and_non_directory_refuse
        PASS [   0.459s] ( 817/1115) taskfleet supervise::watchdog::tests::snapshot_passes_socket_when_recorded
        PASS [   0.110s] ( 818/1115) taskfleet::state_migration held_run_lock_refuses_promptly
        PASS [   0.135s] ( 819/1115) taskfleet::state_migration node_less_terminal_run_and_output_traversal_are_handled
        PASS [   0.133s] ( 820/1115) taskfleet::state_migration symlinked_admin_directory_is_refused
        PASS [   0.173s] ( 821/1115) taskfleet::state_migration symlink_root_is_refused
        PASS [   0.306s] ( 822/1115) taskfleet::state_migration first_canonical_log_attempt_permanently_closes_rollback
        PASS [   0.293s] ( 823/1115) taskfleet::state_migration open_descriptor_does_not_claim_to_be_fenced_and_bytes_remain_readable
        PASS [   0.405s] ( 824/1115) taskfleet::state_migration migration_preserves_bytes_and_verified_state_can_roll_back
        PASS [   0.172s] ( 825/1115) taskfleet::state_migration text_mode_renders_and_admin_output_is_refused
        PASS [   0.376s] ( 826/1115) taskfleet::state_migration rollback_crash_after_rename_recovers_to_rolled_back
        PASS [   0.489s] ( 827/1115) taskfleet::state_migration ordinary_command_refuses_until_renamed_receipt_is_recovered
        PASS [   0.503s] ( 828/1115) taskfleet supervise::watchdog::tests::snapshot_unreachable_when_server_down
        PASS [   0.553s] ( 829/1115) taskfleet::state_migration pending_merge_and_live_worker_are_independent_quiescence_refusals
        PASS [   0.130s] ( 830/1115) taskfleet supervise::watchdog::tests::start_time_is_stable_across_reads
        PASS [  13.789s] ( 831/1115) taskfleet::run materialized_create_routes_through_the_recorded_exact_argv
        PASS [   6.308s] ( 832/1115) taskfleet::run_wait wait_reports_landed_git_verified_after_caller_rebase
        PASS [   1.711s] ( 833/1115) taskfleet::spawn_all_kinds native_spawn_without_declared_placement_rejects_bare_context
        PASS [   2.460s] ( 834/1115) taskfleet::spawn_all_kinds native_workmux_failure_rolls_back_without_publication
        PASS [  16.120s] ( 835/1115) taskfleet::run reattach_spawns_supervisor_and_records_events
        PASS [   4.033s] ( 836/1115) taskfleet::supervise_gates corrupt_tail_line_is_quarantined_and_log_heals
        PASS [   5.999s] ( 837/1115) taskfleet::spawn_all_kinds named_source_branch_is_preserved_by_native_spawn
        PASS [   5.593s] ( 838/1115) taskfleet::supervise_gates blocked_report_rolls_run_to_failed_but_preserves_branch
        PASS [   6.611s] ( 839/1115) taskfleet::spawn_all_kinds headless_native_spawn_records_qualified_session_and_emoji
        PASS [   9.352s] ( 840/1115) taskfleet::supervise_gates corrupt_tail_line_is_skipped_once_without_looping
        PASS [   9.514s] ( 841/1115) taskfleet::supervise_gates dead_pid_deferred_within_death_grace_then_fires
        PASS [   9.683s] ( 842/1115) taskfleet::supervise_gates dead_pid_synthesizes_after_grace
        PASS [   9.812s] ( 843/1115) taskfleet::supervise_gates fresh_spawn_alive_pid_no_synthesis
        PASS [  10.681s] ( 844/1115) taskfleet::spawn_all_kinds node_backed_and_claude_compatible_recorded_candidates_materialize
        PASS [   9.908s] ( 845/1115) taskfleet::supervise_gates fresh_spawn_dead_pid_suppressed_within_grace
        PASS [   9.819s] ( 846/1115) taskfleet::supervise_gates lenient_poll_skips_torn_trailing_line
        PASS [  10.661s] ( 847/1115) taskfleet::supervise_gates missing_window_records_event_without_failing_run
        PASS [   0.022s] ( 848/1115) taskfleet::telemetry_contract adapter_reference_traces_are_internally_consistent
        PASS [  13.695s] ( 849/1115) taskfleet::spawn_all_kinds each_kind_native_spawn_publishes_a_live_handshaken_node
        PASS [   0.024s] ( 850/1115) taskfleet::telemetry_contract fixture_files_are_portable_json_and_use_only_the_public_endpoint
        PASS [   0.025s] ( 851/1115) taskfleet::telemetry_contract published_contract_pins_the_public_boundary
        PASS [   0.214s] ( 852/1115) taskfleet::version invocation_identity_is_not_inferred_from_argv0_or_path
        PASS [   0.079s] ( 853/1115) taskfleet::version version_accepts_global_json_flag
        PASS [   0.038s] ( 854/1115) taskfleet::version version_json_pins_envelope_and_payload_shape
        PASS [   0.048s] ( 855/1115) taskfleet::version version_jsonl_default_is_single_line_envelope
        PASS [   0.067s] ( 856/1115) taskfleet::version version_rejects_conflicting_output_selectors
        PASS [   0.036s] ( 857/1115) taskfleet::version version_rejects_unknown_flag_with_structured_error
        PASS [   0.038s] ( 858/1115) taskfleet::version version_text_succeeds_with_clean_stderr
        PASS [   0.178s] ( 859/1115) taskfleet-core cancel::tests::already_terminal_node_is_not_over_reported
        PASS [   0.364s] ( 860/1115) taskfleet-core cancel::tests::blank_note_falls_back_to_default_reason_and_does_not_brick_cancel
        PASS [   0.131s] ( 861/1115) taskfleet-core cancel::tests::cancel_does_not_duplicate_a_node_report_already_in_the_log
        PASS [   0.094s] ( 862/1115) taskfleet-core cancel::tests::cancel_does_not_duplicate_run_status_already_in_the_log
        PASS [   0.149s] ( 863/1115) taskfleet-core cancel::tests::cancel_done_run_is_refused_without_mutation
        PASS [   4.519s] ( 864/1115) taskfleet::telemetry_contract accepted_reference_trace_payloads_fit_the_real_endpoint
        PASS [   0.218s] ( 865/1115) taskfleet-core cancel::tests::cancel_last_live_node_rolls_the_run_up_under_the_same_lock
        PASS [   0.272s] ( 866/1115) taskfleet-core cancel::tests::cancel_last_live_node_rolls_up_to_cancelled_on_done_plus_cancelled_mix
        PASS [   0.293s] ( 867/1115) taskfleet-core cancel::tests::cancel_last_live_node_rolls_up_to_failed_when_a_sibling_failed
        PASS [   0.194s] ( 868/1115) taskfleet-core cancel::tests::cancel_node_blank_note_falls_back_to_default_reason
        PASS [   0.252s] ( 869/1115) taskfleet-core cancel::tests::cancel_ledger_streams_large_report_payloads
        PASS [   0.160s] ( 870/1115) taskfleet-core cancel::tests::cancel_node_converges_a_crash_stranded_prior_cancel_without_duplicating
        PASS [   0.170s] ( 871/1115) taskfleet-core cancel::tests::cancel_node_last_node_shares_run_status_key_with_whole_run_cancel
        PASS [   0.212s] ( 872/1115) taskfleet-core cancel::tests::cancel_node_on_already_terminal_node_is_idempotent_noop
        PASS [   0.190s] ( 873/1115) taskfleet-core cancel::tests::cancel_node_refuses_a_done_run
        PASS [   0.190s] ( 874/1115) taskfleet-core cancel::tests::cancel_node_resolves_a_node_with_a_missing_projection
        PASS [   0.306s] ( 875/1115) taskfleet-core cancel::tests::cancel_node_settles_one_node_and_leaves_the_run_and_siblings_live
        PASS [   0.280s] ( 876/1115) taskfleet-core cancel::tests::cancel_node_takes_the_run_lock_exactly_once
        PASS [   0.195s] ( 877/1115) taskfleet-core cancel::tests::cancel_node_twice_does_not_duplicate_the_report
        PASS [   0.108s] ( 878/1115) taskfleet-core cancel::tests::cancel_node_unknown_id_is_node_not_found
        PASS [   0.127s] ( 879/1115) taskfleet-core cancel::tests::cancel_run_with_no_nodes_dir_settles_run_only
        PASS [   0.317s] ( 880/1115) taskfleet-core cancel::tests::cancel_running_run_converges_live_nodes_and_settles_run
        PASS [   0.287s] ( 881/1115) taskfleet-core cancel::tests::cancel_skips_node_terminal_in_log_despite_stale_live_projection
        PASS [   0.225s] ( 882/1115) taskfleet-core cancel::tests::cancel_skips_node_with_unfolded_success_report_in_log
        PASS [   0.287s] ( 883/1115) taskfleet-core cancel::tests::cancel_synthesizes_report_for_node_with_missing_projection
        PASS [   0.437s] ( 884/1115) taskfleet-core cancel::tests::nodes_are_converged_in_numeric_not_lexical_order
        PASS [   0.594s] ( 885/1115) taskfleet-core cancel::tests::cancel_takes_the_run_lock_exactly_once
        PASS [   0.239s] ( 886/1115) taskfleet-core cancel::tests::recancel_fully_converged_run_is_a_clean_noop
        PASS [   0.299s] ( 887/1115) taskfleet-core cancel::tests::recancel_cancelled_run_converges_straggler_node
        PASS [   0.155s] ( 888/1115) taskfleet-core events::tests::append_and_apply_event_idempotent_replay_returns_prior_without_appending
        PASS [   0.164s] ( 889/1115) taskfleet-core events::tests::append_and_apply_event_reducer_noop_is_still_a_success
        PASS [   0.071s] ( 890/1115) taskfleet-core events::tests::append_and_apply_event_success_path_appends_and_folds
        PASS [   0.183s] ( 891/1115) taskfleet-core events::tests::append_and_apply_idempotent_appended_path_returns_fresh_seq
        PASS [   0.178s] ( 892/1115) taskfleet-core events::tests::append_and_apply_idempotent_conflict_on_different_data
        PASS [   0.122s] ( 893/1115) taskfleet-core events::tests::append_and_apply_idempotent_rejects_empty_key
        PASS [   0.183s] ( 894/1115) taskfleet-core events::tests::append_and_apply_idempotent_conflict_on_different_node_id
        PASS [   0.028s] ( 895/1115) taskfleet-core events::tests::append_rejects_a_symlinked_event_log
        PASS [   0.134s] ( 896/1115) taskfleet-core events::tests::append_and_apply_idempotent_replay_returns_prior_without_appending
        PASS [   0.055s] ( 897/1115) taskfleet-core events::tests::append_truncates_all_torn_file_to_empty_then_writes_seq_1
        PASS [   0.192s] ( 898/1115) taskfleet-core events::tests::append_replays_unapplied_tail_before_appending
        PASS [   0.054s] ( 899/1115) taskfleet-core events::tests::append_truncates_torn_tail_before_writing
        PASS [   0.042s] ( 900/1115) taskfleet-core events::tests::envelope_run_id_comes_from_paths_not_directory_basename
        PASS [   0.032s] ( 901/1115) taskfleet-core events::tests::find_prior_with_key_finds_the_matching_line
        PASS [   0.087s] ( 902/1115) taskfleet-core events::tests::bootstrap_advances_the_watermark_past_every_appended_event
        PASS [   0.027s] ( 903/1115) taskfleet-core events::tests::find_prior_with_key_handles_crlf_line_endings
        PASS [   0.027s] ( 904/1115) taskfleet-core events::tests::find_prior_with_key_ignores_valid_json_final_line_without_newline
        PASS [   0.026s] ( 905/1115) taskfleet-core events::tests::find_prior_with_key_missing_log_is_none
        PASS [   0.026s] ( 906/1115) taskfleet-core events::tests::find_prior_with_key_matched_line_bad_payload_is_corrupt_log
        PASS [   0.026s] ( 907/1115) taskfleet-core events::tests::find_prior_with_key_no_match_is_none
        PASS [   0.026s] ( 908/1115) taskfleet-core events::tests::find_prior_with_key_rejects_torn_middle_line
        PASS [   0.025s] ( 909/1115) taskfleet-core events::tests::find_prior_with_key_skips_nonmatching_line_missing_seq
        PASS [   0.025s] ( 910/1115) taskfleet-core events::tests::find_prior_with_key_tolerates_partial_utf8_torn_tail
        PASS [   0.038s] ( 911/1115) taskfleet-core events::tests::find_prior_with_key_tolerates_torn_final_line
        PASS [  17.831s] ( 912/1115) taskfleet::supervise_gates no_worker_guard_defers_within_create_window
        PASS [   0.301s] ( 913/1115) taskfleet-core events::tests::full_replay_does_not_double_count_any_counter
        PASS [   0.285s] ( 914/1115) taskfleet-core events::tests::idempotent_replay_catches_up_projection_before_returning
        PASS [   0.053s] ( 915/1115) taskfleet-core events::tests::quarantine_clean_log_is_noop
        PASS [   0.072s] ( 916/1115) taskfleet-core events::tests::quarantine_excises_corrupt_middle_line_and_recovers
        PASS [   0.038s] ( 917/1115) taskfleet-core events::tests::quarantine_missing_log_is_none
        PASS [   0.319s] ( 918/1115) taskfleet-core events::tests::legacy_manifest_without_applied_seq_migrates_on_next_write
        PASS [   0.053s] ( 919/1115) taskfleet-core events::tests::quarantine_preserves_torn_tail_and_excises_only_corruption
        PASS [   0.248s] ( 920/1115) taskfleet-core events::tests::node_count_desync_heals_on_replay
        PASS [   0.033s] ( 921/1115) taskfleet-core events::tests::read_all_events_drops_torn_final_line
        PASS [   0.027s] ( 922/1115) taskfleet-core events::tests::read_all_events_rejects_corrupt_middle_line
        PASS [   0.027s] ( 923/1115) taskfleet-core events::tests::recover_last_seq_newline_terminated_garbage_is_corrupt_log
        PASS [   0.027s] ( 924/1115) taskfleet-core events::tests::recover_last_seq_all_whitespace_file_is_zero
        PASS [   0.030s] ( 925/1115) taskfleet-core events::tests::recover_last_seq_rejects_seq_only_last_line
        PASS [   0.028s] ( 926/1115) taskfleet-core events::tests::recover_last_seq_single_newline_terminated_record_is_regression_guard
        PASS [   0.028s] ( 927/1115) taskfleet-core events::tests::recover_last_seq_skips_multiple_trailing_blank_lines
        PASS [   0.029s] ( 928/1115) taskfleet-core events::tests::recover_last_seq_skips_trailing_whitespace_only_lines
        PASS [   0.035s] ( 929/1115) taskfleet-core events::tests::truncate_torn_tail_clean_file_is_noop
        PASS [   0.056s] ( 930/1115) taskfleet-core events::tests::truncate_torn_tail_cuts_partial_line_at_last_newline
        PASS [   0.034s] ( 931/1115) taskfleet-core events::tests::truncate_torn_tail_missing_file_is_noop
        PASS [   8.090s] ( 932/1115) taskfleet::telemetry_contract endpoint_fixtures_execute_against_the_exact_public_command
        PASS [   0.178s] ( 933/1115) taskfleet-core events::tests::rejected_event_is_not_appended
        PASS [   0.030s] ( 934/1115) taskfleet-core events::tests::truncate_torn_tail_single_complete_row_is_noop
        PASS [   0.179s] ( 935/1115) taskfleet-core events::tests::replay_skips_events_with_unsafe_ids_and_never_escapes_run_dir
        PASS [   0.037s] ( 936/1115) taskfleet-core events::tests::truncate_torn_tail_single_partial_row_truncates_to_zero
        PASS [   0.032s] ( 937/1115) taskfleet-core events::tests::truncate_torn_tail_zero_length_file_is_noop
        PASS [   0.031s] ( 938/1115) taskfleet-core lock::tests::acquire_existing_never_creates_missing_state
        PASS [   0.028s] ( 939/1115) taskfleet-core lock::tests::acquire_rejects_a_symlinked_lock_file
        PASS [   0.029s] ( 940/1115) taskfleet-core lock::tests::acquire_shared_on_missing_lock_file_is_a_noop_guard
        PASS [   0.033s] ( 941/1115) taskfleet-core lock::tests::acquire_succeeds_on_a_regular_lock_file
        PASS [   0.029s] ( 942/1115) taskfleet-core lock::tests::manually_acquired_exclusive_guard_mints_a_witness
        PASS [   0.029s] ( 943/1115) taskfleet-core lock::tests::nested_shared_locks_do_not_deadlock
        PASS [   0.025s] ( 944/1115) taskfleet-core lock::tests::two_shared_readers_proceed_concurrently
        PASS [   0.033s] ( 945/1115) taskfleet-core lock::tests::nonblocking_existing_probe_reports_contention_without_waiting
        PASS [   0.025s] ( 946/1115) taskfleet-core paths::tests::accepts_a_freshly_generated_run_id
        PASS [   0.033s] ( 947/1115) taskfleet-core lock::tests::with_lock_passes_a_witness_and_returns_the_closure_value
        PASS [   0.019s] ( 948/1115) taskfleet-core paths::tests::accepts_the_first_char_boundary_and_rejects_just_past_it
        PASS [   0.026s] ( 949/1115) taskfleet-core paths::tests::accepts_a_real_directory_run_root
        PASS [   0.024s] ( 950/1115) taskfleet-core paths::tests::rejects_malformed_run_ids_at_construction
        PASS [   0.030s] ( 951/1115) taskfleet-core paths::tests::rejects_a_symlinked_run_dir_at_construction
        PASS [   0.025s] ( 952/1115) taskfleet-core paths::tests::validator_stays_in_lockstep_with_the_generator
        PASS [   0.040s] ( 953/1115) taskfleet-core projections::tests::derive_counters_counts_projection_state_and_ignores_junk
        PASS [   0.026s] ( 954/1115) taskfleet-core projections::tests::derive_counters_missing_dirs_are_zero
        PASS [   0.030s] ( 955/1115) taskfleet-core projections::tests::from_validated_rejects_a_symlinked_run_root_at_construction
        PASS [   0.036s] ( 956/1115) taskfleet-core projections::tests::read_json_refuses_to_follow_a_symlinked_projection
        PASS [   0.031s] ( 957/1115) taskfleet-core projections::tests::read_manifest_accepts_matching_run_id
        PASS [   0.033s] ( 958/1115) taskfleet-core projections::tests::read_manifest_rejects_foreign_run_id
        PASS [   0.026s] ( 959/1115) taskfleet-core projections::tests::read_manifest_rejects_symlinked_manifest_file
        PASS [   0.032s] ( 960/1115) taskfleet-core projections::tests::read_node_accepts_matching_key
        PASS [   0.031s] ( 961/1115) taskfleet-core projections::tests::read_node_opt_rejects_body_id_mismatch
        PASS [   0.030s] ( 962/1115) taskfleet-core projections::tests::read_node_re_guards_a_run_root_swapped_after_construction
        PASS [   0.034s] ( 963/1115) taskfleet-core projections::tests::read_node_rejects_body_id_mismatch
        PASS [   0.027s] ( 964/1115) taskfleet-core projections::tests::read_node_rejects_dangling_symlinked_file
        PASS [   0.031s] ( 965/1115) taskfleet-core projections::tests::read_node_rejects_foreign_run_id
        PASS [   0.034s] ( 966/1115) taskfleet-core projections::tests::read_node_rejects_symlinked_node_file
        PASS [   0.036s] ( 967/1115) taskfleet-core projections::tests::read_node_rejects_symlinked_nodes_dir
        PASS [   0.047s] ( 968/1115) taskfleet-core projections::tests::write_manifest_accepts_matching_run_id
        PASS [   0.031s] ( 969/1115) taskfleet-core projections::tests::write_manifest_rejects_foreign_run_id
        PASS [   0.457s] ( 970/1115) taskfleet-core lock::tests::exclusive_writer_blocks_shared_reader_until_release
        PASS [   0.034s] ( 971/1115) taskfleet-core projections::tests::write_node_rejects_foreign_run_id
        PASS [   0.045s] ( 972/1115) taskfleet-core projections::tests::write_node_accepts_matching_run_id
        PASS [   0.034s] ( 973/1115) taskfleet-core projections::tests::write_node_rejects_symlinked_node_file
        PASS [   0.031s] ( 974/1115) taskfleet-core projections::tests::write_node_rejects_symlinked_nodes_dir
        PASS [   0.032s] ( 975/1115) taskfleet-core reducer::tests::apply_event_rejects_event_from_a_different_run
        PASS [   0.132s] ( 976/1115) taskfleet-core reducer::tests::awaiting_input_default_must_be_one_of_options
        PASS [   0.127s] ( 977/1115) taskfleet-core reducer::tests::awaiting_input_rejects_missing_default_without_mutating_projection
        PASS [   0.706s] ( 978/1115) taskfleet-core events::tests::validate_event_agrees_with_apply_event
        PASS [   0.162s] ( 979/1115) taskfleet-core reducer::tests::awaiting_input_clock_is_durable_first_write_wins_and_resolve_is_fenced
        PASS [   0.117s] ( 980/1115) taskfleet-core reducer::tests::input_resolved_requires_generation_even_when_nothing_is_open
        PASS [   0.161s] ( 981/1115) taskfleet-core reducer::tests::awaiting_input_validation_is_state_independent_and_worker_exit_clears_it
        PASS [   0.166s] ( 982/1115) taskfleet-core reducer::tests::merge_aborted_clears_matching_transaction_only
        PASS [   0.086s] ( 983/1115) taskfleet-core reducer::tests::node_created_populates_tmux_identity
        PASS [   0.126s] ( 984/1115) taskfleet-core reducer::tests::merge_started_records_pending_transaction
        PASS [   0.126s] ( 985/1115) taskfleet-core reducer::tests::node_death_observed_noop_when_worker_exit_present
        PASS [   0.117s] ( 986/1115) taskfleet-core reducer::tests::node_materialization_populates_missing_manifest_source_branch
        PASS [   0.147s] ( 987/1115) taskfleet-core reducer::tests::node_death_observed_records_first_death_first_write_wins
        PASS [   0.127s] ( 988/1115) taskfleet-core reducer::tests::node_materialization_preserves_explicit_manifest_source_branch
        PASS [   0.472s] ( 989/1115) taskfleet-core reducer::tests::late_merge_adoption_requires_run_merge_origin_not_forged_via
        PASS [   0.128s] ( 990/1115) taskfleet-core reducer::tests::node_retry_against_terminal_node_is_noop
        PASS [   0.126s] ( 991/1115) taskfleet-core reducer::tests::node_retry_clears_worker_exit
        PASS [   0.055s] ( 992/1115) taskfleet-core reducer::tests::orchestrator_decision_and_discuss_critical_reduce_to_noop
        PASS [   0.032s] ( 993/1115) taskfleet-core reducer::tests::removed_or_garbage_kind_in_created_events_is_rejected
        PASS [   0.117s] ( 994/1115) taskfleet-core reducer::tests::node_retry_rewires_node_and_increments_attempts
        PASS [   0.091s] ( 995/1115) taskfleet-core reducer::tests::run_created_folds_harness_when_present_and_defaults_none
        PASS [   0.154s] ( 996/1115) taskfleet-core reducer::tests::supervisor_attached_sets_supervisor_pid
        PASS [   0.223s] ( 997/1115) taskfleet-core reducer::tests::plan_projections_matches_apply_for_every_kind
        PASS [   0.167s] ( 998/1115) taskfleet-core reducer::tests::supervisor_attached_latest_wins_and_idempotent_on_replay
        PASS [   0.142s] ( 999/1115) taskfleet-core reducer::tests::supervisor_cursor_advanced_is_monotonic_and_idempotent
        PASS [   0.124s] (1000/1115) taskfleet-core reducer::tests::supervisor_state_events_reject_malformed_payloads
        PASS [   0.140s] (1001/1115) taskfleet-core reducer::tests::supervisor_cursor_advanced_sets_report_cursor
        PASS [   0.028s] (1002/1115) taskfleet-core reducer::tests::tmux_identity_from_data_back_compat_is_none
        PASS [   0.026s] (1003/1115) taskfleet-core reducer::tests::tmux_identity_from_data_reads_qualified_fields
        PASS [   0.165s] (1004/1115) taskfleet-core reducer::tests::terminal_node_status_clears_pending_merge
        PASS [   0.163s] (1005/1115) taskfleet-core reducer::tests::terminal_report_clears_pending_merge
        PASS [   0.027s] (1006/1115) taskfleet-core report::tests::advisory_warning_message_shapes
        PASS [   0.026s] (1007/1115) taskfleet-core report::tests::cancel_synthesized_report_shape_ok
        PASS [   0.144s] (1008/1115) taskfleet-core reducer::tests::worker_exited_records_clean_exit_without_transitioning_status
        PASS [   0.127s] (1009/1115) taskfleet-core reducer::tests::worker_exited_without_code_or_signal_is_corrupt
        PASS [   0.138s] (1010/1115) taskfleet-core reducer::tests::worker_exited_records_signal_and_is_first_write_wins
        PASS [  20.055s] (1011/1115) taskfleet::supervise_gates no_worker_node_run_terminalizes_failed
        PASS [   0.032s] (1012/1115) taskfleet-core report::tests::cancelled_requires_non_whitespace_reason
        PASS [   0.031s] (1013/1115) taskfleet-core report::tests::cancelled_requires_success_false
        PASS [   0.032s] (1014/1115) taskfleet-core report::tests::cancelled_requires_reason
        PASS [   0.035s] (1015/1115) taskfleet-core report::tests::discussion_item_non_string_severity_rejected
        PASS [   0.036s] (1016/1115) taskfleet-core report::tests::discussion_item_missing_topic_rejected
        PASS [   0.030s] (1017/1115) taskfleet-core report::tests::discussion_item_options_must_be_strings
        PASS [   0.026s] (1018/1115) taskfleet-core report::tests::discussion_item_options_non_array_rejected
        PASS [   0.030s] (1019/1115) taskfleet-core report::tests::discussion_item_unknown_severity_accepted_for_forward_compat
        PASS [   0.032s] (1020/1115) taskfleet-core report::tests::missing_success_rejected
        PASS [   0.035s] (1021/1115) taskfleet-core report::tests::non_boolean_success_rejected
        PASS [   0.037s] (1022/1115) taskfleet-core report::tests::non_object_root_rejected
        PASS [   0.040s] (1023/1115) taskfleet-core report::tests::report_is_confirmed_merge_legacy_via_only_when_origin_absent
        PASS [   0.035s] (1024/1115) taskfleet-core report::tests::report_is_confirmed_merge_prefers_typed_origin
        PASS [   0.033s] (1025/1115) taskfleet-core report::tests::report_origin_absent_or_malformed_is_none
        PASS [   0.037s] (1026/1115) taskfleet-core report::tests::report_is_confirmed_merge_requires_success_and_not_cancelled
        PASS [   0.033s] (1027/1115) taskfleet-core report::tests::report_origin_round_trips_through_a_report
        PASS [   0.034s] (1028/1115) taskfleet-core report::tests::report_origin_serializes_with_kind_tag
        PASS [   0.034s] (1029/1115) taskfleet-core report::tests::report_origin_stamp_on_non_object_is_noop
        PASS [   0.034s] (1030/1115) taskfleet-core report::tests::sanitize_clean_report_has_no_warnings
        PASS [   0.035s] (1031/1115) taskfleet-core report::tests::report_origin_stamp_overwrites_a_supplied_value
        PASS [   0.034s] (1032/1115) taskfleet-core report::tests::sanitize_drops_malformed_summary
        PASS [   0.032s] (1033/1115) taskfleet-core report::tests::sanitize_drops_non_string_wrap_up_element
        PASS [   0.035s] (1034/1115) taskfleet-core report::tests::sanitize_drops_non_array_advisory_field_whole
        PASS [   0.031s] (1035/1115) taskfleet-core report::tests::sanitize_drops_typoed_spinoff_proposal_with_warning
        PASS [   0.037s] (1036/1115) taskfleet-core report::tests::sanitize_keeps_valid_siblings_drops_only_bad_element
        PASS [   0.031s] (1037/1115) taskfleet-core report::tests::sanitize_nested_options_drops_whole_discussion_item
        PASS [   0.030s] (1038/1115) taskfleet-core report::tests::sanitize_preserves_unknown_and_provenance_fields
        PASS [   0.034s] (1039/1115) taskfleet-core report::tests::sanitize_rejects_non_object_root
        PASS [   0.031s] (1040/1115) taskfleet-core report::tests::sanitize_still_rejects_cancelled_contradiction
        PASS [   0.032s] (1041/1115) taskfleet-core report::tests::sanitize_still_rejects_missing_required_success
        PASS [   0.037s] (1042/1115) taskfleet-core report::tests::sanitize_still_rejects_non_boolean_success
        PASS [   0.034s] (1043/1115) taskfleet-core report::tests::spinoff_missing_kind_rejected
        PASS [   0.036s] (1044/1115) taskfleet-core report::tests::spinoff_unknown_proposed_kind_rejected
        PASS [   0.035s] (1045/1115) taskfleet-core report::tests::success_variants_carry_field_type_hint
        PASS [   0.041s] (1046/1115) taskfleet-core report::tests::summary_must_be_string
        PASS [   0.032s] (1047/1115) taskfleet-core report::tests::validates_full_success_payload
        PASS [   0.037s] (1048/1115) taskfleet-core report::tests::validates_minimal_success_payload
        PASS [   0.034s] (1049/1115) taskfleet-core report::tests::wrap_up_must_be_string_array
        PASS [   0.036s] (1050/1115) taskfleet-core schema::agent_selection_validation_tests::durable_selection_rejects_impossible_state
        PASS [   0.033s] (1051/1115) taskfleet-core schema::id_tests::error_exposes_kind_and_expected
        PASS [   0.034s] (1052/1115) taskfleet-core schema::id_tests::deserialize_rejects_malformed_ids
        PASS [   0.033s] (1053/1115) taskfleet-core schema::id_tests::event_deserialize_validates_envelope_ids
        PASS [   0.029s] (1054/1115) taskfleet-core schema::id_tests::from_str_and_ord_delegate_to_inner
        PASS [   0.034s] (1055/1115) taskfleet-core schema::id_tests::node_id_accepts_canonical_and_rejects_malformed
        PASS [   0.032s] (1056/1115) taskfleet-core schema::id_tests::run_id_accepts_generator_output_and_rejects_malformed
        PASS [   0.034s] (1057/1115) taskfleet-core schema::id_tests::serialize_round_trips_as_bare_string
        PASS [   0.031s] (1058/1115) taskfleet-core schema::tests::autonomous_single_node_worker_set_is_exact
        PASS [   0.032s] (1059/1115) taskfleet-core schema::tests::aggregate_terminal_status_is_the_three_way_rule
        PASS [   0.034s] (1060/1115) taskfleet-core schema::tests::capture_target_prefers_nonempty_pane_id
        PASS [   0.031s] (1061/1115) taskfleet-core schema::tests::removed_kinds_deserialize_to_unknown
        PASS [   0.031s] (1062/1115) taskfleet-core schema::tests::tmux_identity_deserializes_legacy_state_without_pane_id
        PASS [   0.033s] (1063/1115) taskfleet-core schema::tests::wire_names_match_serde_round_trip
        PASS [   0.400s] (1064/1115) taskfleet-core::reducer_snapshots child_spawned_records_parent_child_link
        PASS [   0.393s] (1065/1115) taskfleet-core::reducer_state_machine bare_report_payload_is_corrupt
        PASS [   0.513s] (1066/1115) taskfleet-core::reducer_snapshots run_node_report_spinoff_flow
        PASS [   0.510s] (1067/1115) taskfleet-core::reducer_state_machine cancelled_node_ignores_late_explicit_merge_report
        PASS [   0.553s] (1068/1115) taskfleet-core::reducer_state_machine adopted_explicit_merge_replay_is_idempotent
        PASS [   0.518s] (1069/1115) taskfleet-core::reducer_state_machine cancelled_node_ignores_late_success_report
        PASS [   0.550s] (1070/1115) taskfleet-core::reducer_state_machine conflicting_terminal_transition_is_noop
        PASS [   0.538s] (1071/1115) taskfleet-core::reducer_state_machine corrupt_report_against_terminal_node_is_noop
        PASS [  21.327s] (1072/1115) taskfleet::supervise_gates per_node_cancel_of_every_child_rolls_fanout_up_to_cancelled
        PASS [   0.586s] (1073/1115) taskfleet-core::reducer_state_machine done_node_adopts_explicit_merge_marker
        PASS [   0.571s] (1074/1115) taskfleet-core::reducer_state_machine done_node_ignores_late_failure_report
        PASS [   0.688s] (1075/1115) taskfleet-core::reducer_state_machine failed_node_adopts_late_explicit_merge_report
        PASS [   0.485s] (1076/1115) taskfleet-core::reducer_state_machine non_boolean_cancelled_is_corrupt
        PASS [   0.661s] (1077/1115) taskfleet-core::reducer_state_machine failed_node_ignores_late_plain_success_report
        PASS [   0.484s] (1078/1115) taskfleet-core::reducer_state_machine non_boolean_success_is_corrupt
        PASS [   0.587s] (1079/1115) taskfleet-core::reducer_state_machine malformed_explicit_merge_against_terminal_node_is_not_adopted
        PASS [   0.556s] (1080/1115) taskfleet-core::reducer_state_machine node_status_terminal_guard
        PASS [   0.178s] (1081/1115) taskfleet-core::telemetry attempt_change_resets_state_since_even_when_state_is_unchanged
        PASS [   0.162s] (1082/1115) taskfleet-core::telemetry clock_overflow_rejects_without_replacing_prior_sample
        PASS [   0.187s] (1083/1115) taskfleet-core::telemetry bulk_read_localizes_advisory_errors_and_crash_tail
        PASS [   0.281s] (1084/1115) taskfleet-core::reducer_state_machine run_status_terminal_guard
        PASS [   0.064s] (1085/1115) taskfleet-core::telemetry direct_updates_revalidate_shape_identity_and_metadata_without_mutation
        PASS [   0.117s] (1086/1115) taskfleet-core::telemetry corrupt_prior_is_replaced_instead_of_poisoning_the_endpoint
        PASS [   0.371s] (1087/1115) taskfleet-core::reducer_state_machine success_and_cancelled_both_true_is_corrupt
        PASS [   0.100s] (1088/1115) taskfleet-core::telemetry malformed_stored_unknown_fields_and_oversize_are_invalid
        PASS [   0.155s] (1089/1115) taskfleet-core::telemetry missing_corrupt_partial_old_attempt_and_freshness_are_classified
        PASS [   0.109s] (1090/1115) taskfleet-core::telemetry missing_or_ahead_canonical_state_fails_closed
        PASS [   0.027s] (1091/1115) taskfleet-core::telemetry strict_request_rejects_unknown_fields_versions_metadata_and_size
        PASS [   0.144s] (1092/1115) taskfleet-core::telemetry same_state_backward_clock_preserves_anchor_and_reports_unreliable_until_catchup
        PASS [   0.557s] (1093/1115) taskfleet-core::reducer_state_machine run_cancel_then_late_report_keeps_cancel
        PASS [   0.106s] (1094/1115) taskfleet-core::telemetry telemetry_symlinks_are_rejected_without_touching_targets
        PASS [   0.377s] (1095/1115) taskfleet-core::telemetry metadata_and_strict_json_boundaries_are_pinned
        PASS [   0.167s] (1096/1115) taskfleet-core::telemetry telemetry_has_no_event_projection_outcome_wait_merge_retry_or_cleanup_effect
        PASS [   0.217s] (1097/1115) taskfleet-core::telemetry semantic_corruption_is_invalid_and_operational_io_errors_propagate
        PASS [   0.063s] (1098/1115) taskfleet-core::telemetry unapplied_event_tail_fails_closed_without_advancing_watermark
        PASS [   0.037s] (1099/1115) taskfleet-core::telemetry update_of_nonexistent_run_does_not_create_run_or_lock
        PASS [   0.093s] (1100/1115) taskfleet-core::telemetry unknown_terminal_and_wrong_attempt_rejections_do_not_mutate_sample
        PASS [   0.222s] (1101/1115) taskfleet-core::telemetry terminal_and_retry_races_serialize_with_telemetry_validation
        PASS [   0.109s] (1102/1115) taskfleet-core::telemetry update_atomically_replaces_one_bounded_sample_and_preserves_state_since
        PASS [   1.256s] (1103/1115) taskfleet-core::telemetry concurrent_replacement_never_exposes_partial_or_mixed_samples
        PASS [  24.517s] (1104/1115) taskfleet::supervise_gates self_terminate_when_run_dir_vanishes
        PASS [  26.707s] (1105/1115) taskfleet::supervise_gates self_terminate_when_whole_run_dir_removed
        PASS [  26.946s] (1106/1115) taskfleet::supervise_gates signal_during_boot_exits_143
        PASS [  28.368s] (1107/1115) taskfleet::supervise_gates signal_exit_codes_and_payload
        PASS [  31.510s] (1108/1115) taskfleet::supervise_gates spawned_supervisor_survives_sighup_to_spawner_group
        PASS [  32.074s] (1109/1115) taskfleet::supervise_gates terminal_report_rolls_run_to_done_and_cleans_up
        PASS [  29.455s] (1110/1115) taskfleet::supervise_gates terminal_via_cancel_still_cleans_up
        PASS [  29.436s] (1111/1115) taskfleet::supervise_gates v2_agent_pid_discovery_via_liveness_probe
        PASS [  29.422s] (1112/1115) taskfleet::supervise_gates v3_kill_and_start_time_identity
        PASS [  59.942s] (1113/1115) taskfleet::supervise_gates v8_reattach_end_to_end
        SLOW [> 60.000s] (─────────) taskfleet::supervise_gates v9_cancel_synthesizes_report_no_spinoffs
        SLOW [> 60.000s] (─────────) taskfleet::supervise_gates watchdog_defers_when_report_already_present
        PASS [  60.228s] (1114/1115) taskfleet::supervise_gates v9_cancel_synthesizes_report_no_spinoffs
        PASS [  60.280s] (1115/1115) taskfleet::supervise_gates watchdog_defers_when_report_already_present
────────────
     Summary [ 105.958s] 1115 tests run: 1115 passed (2 slow), 1 skipped
+ cargo test --locked --release --workspace --doc
    Finished `release` profile [optimized] target(s) in 0.35s
   Doc-tests taskfleet

running 0 tests

test result: ok. 0 passed; 0 failed; 0 ignored; 0 measured; 0 filtered out; finished in 0.00s

   Doc-tests taskfleet_core

running 2 tests
test crates/taskfleet-core/src/events.rs - events::append_and_apply_idempotent (line 566) - compile ... ok
test crates/taskfleet-core/src/events.rs - events::append_and_apply_unlocked (line 401) - compile fail ... ok

test result: ok. 2 passed; 0 failed; 0 ignored; 0 measured; 0 filtered out; finished in 0.09s

+ RUSTDOCFLAGS='-D warnings'
+ cargo doc --locked --workspace --no-deps
    Checking regex-syntax v0.8.11
   Compiling taskfleet v0.5.1 (/private/tmp/taskfleet-r10-candidate/crates/taskfleet)
    Checking taskfleet-core v0.5.1 (/private/tmp/taskfleet-r10-candidate/crates/taskfleet-core)
 Documenting taskfleet-core v0.5.1 (/private/tmp/taskfleet-r10-candidate/crates/taskfleet-core)
    Checking regex-automata v0.4.14
    Checking matchers v0.2.0
    Checking tracing-subscriber v0.3.23
    Checking tracing-appender v0.2.5
 Documenting taskfleet v0.5.1 (/private/tmp/taskfleet-r10-candidate/crates/taskfleet)
 Documenting orchestratectl v0.5.1 (/private/tmp/taskfleet-r10-candidate/compat/orchestratectl)
    Finished `dev` profile [unoptimized + debuginfo] target(s) in 10.58s
   Generated /private/tmp/taskfleet-r10-candidate/target/doc/orchestratectl/index.html and 2 other files
+ cargo test --locked --release -p taskfleet --test envelope_snapshots
    Finished `release` profile [optimized] target(s) in 0.19s
     Running tests/envelope_snapshots.rs (target/release/deps/envelope_snapshots-e6f34ab5dba4ddcd)

running 9 tests
test global_arg_error_envelopes ... ok
test version_envelopes ... ok
test skill_envelopes ... ok
test run_error_envelopes ... ok
test event_tail_envelopes ... ok
test run_show_envelopes ... ok
test run_create_envelopes ... ok
test node_envelopes ... ok
test event_envelopes ... ok

test result: ok. 9 passed; 0 failed; 0 ignored; 0 measured; 0 filtered out; finished in 0.82s

+ scripts/check-version-snapshots.sh
check-version-snapshots: version-bearing snapshots match workspace version 0.5.1
++ find crates/taskfleet/tests/snapshots -name '*.snap.new' -print -quit
+ test -z ''
+ git diff --exit-code
++ git status --porcelain
+ test -z ''
